85ae,1679569202162675,0.23832479,2.6511652,0.24386999,47,264
85ab,1679569202163807,0.11464319,2.1836536,0.19982544,48,272
85ae,1679569202164739,0.22945133,2.6546953,0.25085339,48,274
85ab,1679569202309840,0.11374938,2.1847522,0.20715471,47,282
85ae,1679569202509809,0.23483494,2.6513841,0.25085533,47,284
85ab,1679569203310691,0.11516149,2.186892,0.21050063,47,292
85ae,1679569203510662,0.24142663,2.650738,0.24626136,47,294
85ab,1679569204311196,0.13096467,2.1927979,0.20833668,46,302
85ae,1679569204510702,0.24503578,2.6457441,0.23898523,47,304
85ab,1679569205310679,0.127795,2.1932743,0.19989908,48,312
85ae,1679569205510692,0.25515309,2.6382792,0.23504505,47,314
85ab,1679569206310692,0.12388366,2.1949408,0.20456988,48,322
85ae,1679569206510712,0.24207255,2.6380045,0.23817702,48,324
85ab,1679569207310730,0.12663156,2.186089,0.20452513,47,332
85ae,1679569207510779,0.27015582,2.6363211,0.23808137,46,334
85ab,1679569208310713,0.15296839,2.1871109,0.19443965,46,342
85ae,1679569208510690,0.2632716,2.6296988,0.22999299,47,344
85ab,1679569209310704,0.17035815,2.1779084,0.19152728,45,352
85ae,1679569209511172,0.25938836,2.6233861,0.21975818,47,354
85ab,1679569210310704,0.14918326,2.1803498,0.19868328,48,362
85ae,1679569210510684,0.25322023,2.6256032,0.2225031,48,364
85ab,1679569211310708,0.13247715,2.1869931,0.2055251,48,372
85ae,1679569211510691,0.24719642,2.6285958,0.22262278,48,374
85ab,1679569212310734,0.129679,2.1827316,0.21437736,47,382
85ae,1679569212510730,0.2334214,2.6324944,0.23040679,48,384
85ab,1679569213310735,0.11745136,2.18366,0.20345457,48,392
85ae,1679569213510704,0.23049504,2.6312675,0.23413661,48,394
85ab,1679569214310726,0.12327079,2.1815708,0.19730678,47,402
85ae,1679569214511198,0.22677334,2.6379542,0.23419322,48,404
85ab,1679569215310738,0.12299281,2.1845574,0.21181947,47,412
85ae,1679569215510725,0.25519195,2.6459122,0.22932008,46,414
85ab,1679569216310745,0.12962893,2.1844404,0.20674986,47,422
85ae,1679569216510723,0.25728306,2.6450822,0.22417852,47,424
85ab,1679569217310747,0.14802901,2.1859064,0.20038384,46,432
85ae,1679569217510715,0.24034977,2.645072,0.2333151,48,434
85ab,1679569218310736,0.13802283,2.1951258,0.22234526,47,442
85ae,1679569218510704,0.22496343,2.6396494,0.23559959,48,444
85ab,1679569219310738,0.14690843,2.1848893,0.2131169,46,452
85ae,1679569219511188,0.24339527,2.6459658,0.24147005,46,454
85ab,1679569220310752,0.12848988,2.1944623,0.22107641,48,462
85ae,1679569220510735,0.20779261,2.6396203,0.24270895,50,464
85ab,1679569221310761,0.12699229,2.1964347,0.22834527,47,472
85ae,1679569221510724,0.21865229,2.6333494,0.24210261,47,474
85ab,1679569222310758,0.13828874,2.1966934,0.23126236,46,482
85ae,1679569222510727,0.23155233,2.6276045,0.24539129,47,484
85ab,1679569223310804,0.14382219,2.202672,0.22000213,47,492
85ae,1679569223510912,0.20201612,2.6265681,0.24464291,49,494
85ab,1679569224310750,0.16030881,2.2018027,0.22206542,46,502
85ae,1679569224511235,0.22086537,2.6317298,0.24437451,47,504
85ab,1679569225311246,0.16825061,2.2043843,0.2229052,46,512
85ae,1679569225510768,0.23094945,2.6242814,0.23155151,47,514
85ab,1679569226310776,0.1743024,2.19345,0.20885046,46,522
85ae,1679569226510743,0.24054022,2.6243739,0.22821259,47,524
85ab,1679569227310766,0.17205834,2.2053857,0.21686247,47,532
85ae,1679569227510759,0.25089276,2.625622,0.21601532,47,534
85ab,1679569228310779,0.18228163,2.2160425,0.21375096,46,542
85ae,1679569228510734,0.23223479,2.6261768,0.22512735,48,544
85ab,1679569229310807,0.18069556,2.2195091,0.21842141,46,552
85ae,1679569229511208,0.22552125,2.6296098,0.22976942,48,554
85ab,1679569230310592,0.18842547,2.2143672,0.20794439,46,562
85ae,1679569230510560,0.24435705,2.627579,0.22018351,47,564
85ab,1679569231310636,0.1843977,2.2029316,0.2119347,46,572
85ae,1679569231510727,0.23045552,2.6288111,0.21841148,48,574
85ab,1679569232310730,0.16566864,2.2027583,0.19971618,48,582
85ae,1679569232510706,0.24214175,2.6302745,0.21895072,47,584
85ab,1679569233310730,0.17092454,2.1996644,0.2037627,46,592
85ae,1679569233510712,0.22411609,2.6282883,0.21698596,49,594
85ab,1679569234310783,0.1677748,2.2023633,0.21203013,47,602
85ae,1679569234510748,0.22549053,2.6279151,0.22234894,48,604
85ab,1679569235310200,0.18222231,2.1918268,0.20320706,45,612
85ae,1679569235510718,0.24241072,2.6377211,0.22889081,47,614
85ab,1679569236310711,0.17363058,2.19206,0.21421544,47,622
85ae,1679569236510694,0.23647171,2.6326971,0.22629686,48,624
85ab,1679569237310726,0.17400889,2.1821704,0.20116203,47,632
85ae,1679569237510697,0.25527322,2.6384747,0.22794747,46,634
85ab,1679569238310736,0.15244456,2.1881959,0.21846314,48,642
85ae,1679569238510695,0.2400506,2.6365511,0.22691286,48,644
85ab,1679569239310762,0.15336105,2.1854167,0.21433185,47,652
85ae,1679569239510724,0.2313185,2.6405284,0.2307079,48,654
85ab,1679569240310290,0.14398386,2.1831794,0.21162194,47,662
85ae,1679569240509900,0.23751083,2.6349363,0.2277336,47,664
85ab,1679569241310770,0.14632359,2.1949055,0.21041909,47,672
85ae,1679569241510730,0.236174,2.6308842,0.22716594,48,674
85ab,1679569242310748,0.14826396,2.1923161,0.2054002,47,682
85ae,1679569242510756,0.15226498,2.5431149,0.38349229,69,684
85ab,1679569243310784,0.13937816,2.1879864,0.19897953,48,692
85ae,1679569243510731,0.1801395,2.5720117,0.34631693,47,694
85ab,1679569244310791,0.14698127,2.1898494,0.1968919,47,702
85ae,1679569244510738,0.19715385,2.5882425,0.31994608,47,704
85ab,1679569245311318,0.12908526,2.1889791,0.19040103,48,712
85ae,1679569245510803,0.18910216,2.5944669,0.29211316,49,714
85ab,1679569246309958,0.11635159,2.2008331,0.19858074,48,722
85ae,1679569246511079,0.20596786,2.6084645,0.28683421,47,724
85ab,1679569247310748,0.12161133,2.2104597,0.20778547,47,732
85ae,1679569247510748,0.23303647,2.6253352,0.27615115,46,734
85ab,1679569248310790,0.13956141,2.2078331,0.19743736,46,742
85ae,1679569248510756,0.24664338,2.6348996,0.2622757,47,744
85ab,1679569249310836,0.1507566,2.2088511,0.19583273,46,752
85ae,1679569249510775,0.25161684,2.6401844,0.25638139,47,754
85ab,1679569250310792,0.13381857,2.2001154,0.19876418,48,762
85ae,1679569250511272,0.25273457,2.6382782,0.25002721,47,764
85ab,1679569251310872,0.14094667,2.19949,0.20022826,47,772
85ae,1679569251510826,0.24166662,2.6357841,0.25058204,48,774
85ab,1679569252310788,0.15755451,2.2029822,0.190887,46,782
85ae,1679569252510703,0.2354079,2.6314769,0.25043991,48,784
85ab,1679569253310809,0.16049288,2.2036371,0.19553933,47,792
85ae,1679569253510793,0.23930235,2.6312809,0.24824998,47,794
85ab,1679569254310741,0.15827423,2.2044654,0.20067887,47,802
85ae,1679569254510794,0.23466179,2.6330562,0.23751478,48,804
85ab,1679569255310807,0.13379738,2.19649,0.20964511,48,812
85ae,1679569255511232,0.22663799,2.632741,0.23580533,48,814
85ab,1679569256310820,0.12708315,2.1947727,0.2115901,48,822
85ae,1679569256510822,0.23730664,2.6370051,0.2367398,47,824
85ab,1679569257310780,0.13504387,2.2066293,0.20771077,47,832
85ae,1679569257510816,0.23264363,2.6402426,0.23904383,48,834
85ab,1679569258310870,0.1394657,2.2006998,0.21070212,47,842
85ae,1679569258510630,0.24708572,2.6386719,0.23277716,47,844
85ab,1679569259310760,0.14697558,2.196907,0.207484,47,852
85ae,1679569259510824,0.23378499,2.6420972,0.22896501,48,854
85ab,1679569260310778,0.15498461,2.205761,0.20843437,46,862
85ae,1679569260510820,0.22188614,2.6426084,0.22901173,48,864
85ab,1679569261311384,0.14874443,2.1995311,0.20316292,47,872
85ae,1679569261510739,0.23246574,2.6376534,0.22897542,47,874
85ab,1679569262310916,0.15377223,2.1895623,0.19454159,47,882
85ae,1679569262510822,0.24364942,2.6439571,0.23289335,47,884
85ab,1679569263310789,0.16030036,2.1939659,0.19121018,47,892
85ae,1679569263510828,0.24745479,2.6458209,0.23798063,47,894
85ab,1679569264310878,0.16046195,2.18369,0.19246754,47,902
85ae,1679569264510774,0.24549215,2.6406472,0.22853026,48,904
85ab,1679569265310860,0.16889311,2.1840978,0.19595635,46,912
85ae,1679569265510812,0.23878278,2.6456544,0.235194,48,914
85ab,1679569266311256,0.1597999,2.1897829,0.1947951,47,922
85ae,1679569266510837,0.23904455,2.6391704,0.22836678,48,924
85ab,1679569267310896,0.17764211,2.1831841,0.19538838,45,932
85ae,1679569267510781,0.23808737,2.6311531,0.22978851,47,934
85ab,1679569268310880,0.18546504,2.1869955,0.18881048,46,942
85ae,1679569268510828,0.24253134,2.6310554,0.22663058,47,944
85ab,1679569269310820,0.18338241,2.1837151,0.19552177,46,952
85ae,1679569269510870,0.23930196,2.6272914,0.22730137,48,954
85ab,1679569270310888,0.18421218,2.1804924,0.18868689,46,962
85ae,1679569270510830,0.2267286,2.6335261,0.23101968,48,964
85ab,1679569271310894,0.17441908,2.1837926,0.19640678,47,972
85ae,1679569271511332,0.22260693,2.6360447,0.22879711,48,974
85ab,1679569272310853,0.18190862,2.1824954,0.19935574,46,982
85ae,1679569272510872,0.22359686,2.6402252,0.23212689,48,984
85ab,1679569273310930,0.158704,2.1934547,0.20048238,48,992
85ae,1679569273510962,0.22159971,2.6419854,0.23039053,48,994
85ab,1679569274310852,0.15047127,2.1867902,0.20051946,47,1002
85ae,1679569274510860,0.23364094,2.6304464,0.22742702,47,1004
85ab,1679569275310862,0.15649727,2.1844676,0.20505643,46,1012
85ae,1679569275510781,0.23588544,2.6351888,0.23036146,47,1014
85ab,1679569276310882,0.16299166,2.1907964,0.20241283,46,1022
85ae,1679569276511130,0.23093964,2.6364071,0.23369327,48,1024
85ab,1679569277312509,0.1666487,2.1897767,0.20941539,46,1032
85ae,1679569277510836,0.22207732,2.6332216,0.24201918,48,1034
85ab,1679569278310834,0.17757781,2.1923621,0.19241233,46,1042
85ae,1679569278510772,0.23394153,2.6378071,0.2448702,47,1044
85ab,1679569279310850,0.17986427,2.1744361,0.18636373,46,1052
85ae,1679569279510808,0.24337192,2.6329451,0.2322987,47,1054
85ab,1679569280310830,0.1569045,2.1755092,0.17675771,48,1062
85ae,1679569280510914,0.24114853,2.6386039,0.23379909,48,1064
85ab,1679569281310912,0.14318226,2.1756384,0.19891165,47,1072
85ae,1679569281510779,0.23896511,2.6376817,0.23822238,47,1074
85ab,1679569282311415,0.1257531,2.1841714,0.21326816,48,1082
85ae,1679569282510890,0.22513166,2.6341181,0.23312171,48,1084
85ab,1679569283310923,0.13560875,2.1840599,0.20132804,47,1092
85ae,1679569283510922,0.24347126,2.6316297,0.22783579,47,1094
85ab,1679569284310921,0.15146343,2.1885216,0.19400096,46,1102
85ae,1679569284510794,0.23049515,2.6392515,0.23198615,48,1104
85ab,1679569285310942,0.14590901,2.1890256,0.18867092,47,1112
85ae,1679569285512884,0.22082815,2.6400411,0.23396239,48,1114
85ab,1679569286310936,0.145206,2.1953576,0.19264054,47,1122
85ae,1679569286510915,0.24157229,2.6441734,0.23536766,47,1124
85ab,1679569287311599,0.13071238,2.19061,0.1910314,48,1132
85ae,1679569287511248,0.23770481,2.6391382,0.22483215,48,1134
85ab,1679569288310957,0.13041608,2.1958263,0.19556716,47,1142
85ae,1679569288510826,0.22078839,2.6340339,0.22064096,49,1144
85ab,1679569289310126,0.13010697,2.1876483,0.19425137,47,1152
85ae,1679569289510096,0.22688562,2.631376,0.2182211,47,1154
85ab,1679569290310982,0.13759394,2.1872144,0.19055487,47,1162
85ae,1679569290510837,0.23215505,2.6332157,0.22117774,47,1164
85ab,1679569291310885,0.12680857,2.1883645,0.18776411,48,1172
85ae,1679569291510867,0.23936357,2.6339734,0.21826449,47,1174
85ab,1679569292310849,0.11377513,2.1853521,0.19181672,48,1182
85ae,1679569292510911,0.24749039,2.6332276,0.2180538,47,1184
85ab,1679569293310880,0.093274549,2.1763208,0.20370665,49,1192
85ae,1679569293510832,0.23088671,2.6363804,0.2243017,48,1194
85ab,1679569294310887,0.1040107,2.1914971,0.20380612,47,1202
85ae,1679569294510882,0.22387278,2.6410511,0.23396085,48,1204
85ab,1679569295310124,0.11513125,2.197345,0.21047495,47,1212
85ae,1679569295510903,0.20509152,2.644815,0.23866165,49,1214
85ab,1679569296310902,0.1257495,2.1909571,0.2193296,46,1222
85ae,1679569296510862,0.21511297,2.6484387,0.23936291,47,1224
85ab,1679569297310948,0.13589993,2.1964679,0.20967068,47,1232
85ae,1679569297510883,0.22611184,2.6397624,0.23789279,47,1234
85ab,1679569298310884,0.1323131,2.2033858,0.20464338,48,1242
85ae,1679569298510857,0.22838785,2.6378891,0.24226621,47,1244
85ab,1679569299310934,0.13613117,2.1954305,0.21066722,47,1252
85ae,1679569299510858,0.23936865,2.6440959,0.2490209,47,1254
85ab,1679569300311064,0.13403386,2.1882305,0.21266353,47,1262
85ae,1679569300511010,0.23080704,2.6478565,0.24872386,48,1264
85ab,1679569301311078,0.14636576,2.1789446,0.20713244,46,1272
85ae,1679569301511012,0.23846111,2.6467433,0.24659501,47,1274
85ab,1679569302311012,0.13615099,2.1817508,0.21645565,47,1282
85ae,1679569302511044,0.2362493,2.645344,0.24761316,48,1284
85ab,1679569303311583,0.13418145,2.187145,0.22683214,47,1292
85ae,1679569303511005,0.22776505,2.6406069,0.23917016,48,1294
85ab,1679569304311084,0.14235413,2.1914036,0.22088072,47,1302
85ae,1679569304511063,0.24544629,2.6409943,0.23617342,47,1304
85ab,1679569305311119,0.14412275,2.1904285,0.21640582,47,1312
85ae,1679569305511073,0.2546663,2.6407831,0.23037265,47,1314
85ab,1679569306311098,0.12645848,2.1750348,0.21230081,48,1322
85ae,1679569306511503,0.23620182,2.646971,0.23468168,49,1324
85ab,1679569307311056,0.096223213,2.1710961,0.22418097,49,1332
85ae,1679569307511068,0.24262501,2.6477437,0.2436792,47,1334
85ab,1679569308311072,0.10367976,2.1718624,0.20675093,48,1342
85ae,1679569308511580,0.25467467,2.6442964,0.24240136,47,1344
85ab,1679569309311125,0.11586402,2.1770408,0.21256666,47,1352
85ae,1679569309511244,0.26110822,2.6367316,0.24027005,47,1354
85ab,1679569310311090,0.13920832,2.1751676,0.20413211,46,1362
85ae,1679569310511065,0.24775131,2.6422422,0.24052633,48,1364
85ab,1679569311310220,0.13405986,2.1604862,0.19903241,47,1372
85ae,1679569311510186,0.25041962,2.6373537,0.23145705,47,1374
85ab,1679569312311090,0.14201002,2.1689153,0.21270013,46,1382
85ae,1679569312511044,0.24515581,2.6378553,0.23279463,48,1384
85ab,1679569313311078,0.14430049,2.1812522,0.21130832,47,1392
85ae,1679569313511052,0.2498616,2.6390295,0.23292783,47,1394
85ab,1679569314311661,0.14786461,2.1954002,0.2135293,47,1402
85ae,1679569314511064,0.24944541,2.6376085,0.23414047,47,1404
85ab,1679569315311116,0.14579988,2.1961966,0.2131533,47,1412
85ae,1679569315511096,0.24716049,2.6410954,0.24049541,47,1414
85ab,1679569316313149,0.1513698,2.2046793,0.21356493,47,1422
85ae,1679569316511100,0.25211647,2.638552,0.24085195,47,1424
85ab,1679569317311107,0.15194689,2.2037179,0.22756609,46,1432
85ae,1679569317511056,0.24765007,2.63788,0.23294477,48,1434
85ab,1679569318311103,0.15409489,2.2034297,0.21557792,47,2
85ae,1679569318510894,0.24384128,2.6407168,0.24065366,47,4
85ab,1679569319311065,0.15061377,2.2039051,0.20982718,47,12
85ae,1679569319510887,0.24823678,2.6332917,0.23370023,47,14
85ab,1679569320311066,0.14878938,2.2139394,0.20782946,47,22
85ae,1679569320510870,0.26409703,2.6407099,0.2350353,46,24
85ab,1679569321311108,0.15263844,2.2073114,0.20665206,47,32
85ae,1679569321511030,0.24482438,2.6420057,0.24320196,48,34
85ab,1679569322311100,0.15375827,2.2089956,0.20627534,47,42
85ae,1679569322510193,0.25819257,2.6460853,0.2395611,47,44
85ab,1679569323311068,0.14024366,2.2025371,0.21832816,47,52
85ae,1679569323511042,0.25226402,2.649353,0.24001355,48,54
85ab,1679569324311084,0.12222454,2.2033038,0.21421714,48,62
85ae,1679569324511533,0.25716573,2.6519375,0.2404774,47,64
85ab,1679569325311072,0.13455722,2.2038009,0.20019068,47,72
85ae,1679569325511063,0.24549645,2.644906,0.23477836,48,74
85ab,1679569326311055,0.13845018,2.2031453,0.19776803,47,82
85ae,1679569326511044,0.20978743,2.6322868,0.23682922,50,84
85ab,1679569327311604,0.12490591,2.1951408,0.19259134,48,92
85ae,1679569327511091,0.20868573,2.6315002,0.23625533,48,94
85ab,1679569328311129,0.13270137,2.1994381,0.20308138,47,102
85ae,1679569328510934,0.21856351,2.6346509,0.2389307,47,104
85ab,1679569329311096,0.14285524,2.2103515,0.20753987,47,112
85ae,1679569329511556,0.22788844,2.6408539,0.23959798,47,114
85ab,1679569330311112,0.12387054,2.2050347,0.21041721,48,122
85ae,1679569330511055,0.22953592,2.6472156,0.24158001,48,124
85ab,1679569331311074,0.11114896,2.2093439,0.20827878,48,132
85ae,1679569331511059,0.24728182,2.6444039,0.22595181,47,134
85ab,1679569332311149,0.097259179,2.2074232,0.21048407,49,142
85ae,1679569332511226,0.24942717,2.6382897,0.2214803,47,144
85ab,1679569333310259,0.11434755,2.2051415,0.20669049,47,152
85ae,1679569333511093,0.2642588,2.6384051,0.21608685,47,154
85ab,1679569334311081,0.12188642,2.2018247,0.20857504,47,162
85ae,1679569334511072,0.25617412,2.6420145,0.2226015,48,164
85ab,1679569335311569,0.13215707,2.1847215,0.21106429,46,172
85ae,1679569335511058,0.21665761,2.6318936,0.22306842,50,174
85ab,1679569336311104,0.11811959,2.1861129,0.2060169,48,182
85ae,1679569336511060,0.23243365,2.6296685,0.21846034,47,184
85ab,1679569337311130,0.12481795,2.1931298,0.19708179,47,192
85ae,1679569337511088,0.2421443,2.6421332,0.21929692,47,194
85ab,1679569338310270,0.12932824,2.1988502,0.19849248,47,202
85ae,1679569338510199,0.24893637,2.6386633,0.21978061,47,204
85ab,1679569339311153,0.10940382,2.1969531,0.1985504,49,212
85ae,1679569339511080,0.25472391,2.63899,0.22416984,47,214
85ab,1679569340311590,0.12748615,2.1992967,0.20761622,46,222
85ae,1679569340511110,0.26433575,2.6424522,0.22718143,47,224
85ab,1679569341311144,0.11220033,2.1961832,0.2201422,48,232
85ae,1679569341511116,0.26105964,2.6408594,0.23503923,47,234
85ab,1679569342311170,0.12914412,2.1981719,0.21154481,47,242
85ae,1679569342511120,0.26109517,2.6437402,0.23516487,47,244
85ab,1679569343311284,0.12976147,2.2082105,0.21567814,47,252
85ae,1679569343511204,0.26181611,2.6479177,0.2385401,47,254
85ab,1679569344310288,0.12012097,2.1997471,0.23118821,47,262
85ae,1679569344511095,0.23881644,2.6397383,0.23452231,49,264
85ab,1679569345311768,0.13646047,2.2066069,0.21955802,47,272
85ae,1679569345511098,0.23109558,2.6413593,0.23661327,48,274
85ab,1679569346311122,0.12151437,2.19509,0.21774648,48,282
85ae,1679569346511097,0.23867752,2.6337736,0.23066992,47,284
85ab,1679569347311128,0.12446704,2.1966121,0.21093488,47,292
85ae,1679569347511112,0.2282434,2.6346087,0.22874716,48,294
85ab,1679569348311184,0.12935053,2.1949179,0.19506763,47,302
85ae,1679569348511120,0.23840626,2.6312139,0.21923198,47,304
85ab,1679569349311187,0.10298435,2.197145,0.20437594,49,312
85ae,1679569349511113,0.24352242,2.6326823,0.22466792,47,314
85ab,1679569350311691,0.11000527,2.204263,0.20656323,47,322
85ae,1679569350511131,0.24805553,2.6223011,0.22063042,47,324
85ab,1679569351311190,0.12318095,2.2019987,0.21137865,46,332
85ae,1679569351511152,0.25608772,2.6224797,0.22276649,47,334
85ab,1679569352311140,0.11794001,2.2008281,0.21863905,48,342
85ae,1679569352511146,0.24545395,2.627089,0.22973007,48,344
85ab,1679569353311151,0.13055766,2.1893263,0.20797007,47,352
85ae,1679569353511129,0.26544431,2.6264589,0.23165028,46,354
85ab,1679569354312957,0.14195421,2.1957304,0.2026128,47,362
85ae,1679569354511184,0.26113245,2.6281805,0.2331823,47,364
85ab,1679569355310336,0.11587942,2.2019539,0.21422659,49,372
85ae,1679569355511698,0.25720128,2.6355071,0.23795564,47,374
85ab,1679569356311176,0.13839507,2.1922364,0.21008627,46,382
85ae,1679569356511178,0.23115826,2.6271641,0.22835915,49,384
85ab,1679569357311227,0.14519837,2.1993973,0.1954139,47,392
85ae,1679569357511134,0.23669492,2.6219649,0.22197823,47,394
85ab,1679569358311177,0.14491501,2.1862488,0.20905992,46,402
85ae,1679569358511153,0.24410309,2.6291482,0.22193217,47,404
85ab,1679569359311194,0.14206095,2.1791432,0.20391476,47,412
85ae,1679569359511138,0.25035197,2.5376105,0.15035121,69,414
85ab,1679569360311248,0.14759821,2.1825926,0.20591018,47,422
85ae,1679569360511658,0.24370612,2.5687344,0.17375867,48,424
85ab,1679569361311178,0.14840706,2.1796315,0.19650622,47,432
85ae,1679569361511168,0.24946882,2.5838299,0.18734096,47,434
85ab,1679569362311200,0.15598355,2.1947141,0.19293548,47,442
85ae,1679569362511156,0.23499332,2.5872011,0.18795347,48,444
85ab,1679569363311236,0.12520908,2.1884084,0.20089325,49,452
85ae,1679569363511164,0.23492397,2.5966661,0.19712833,48,454
85ab,1679569364311193,0.13370815,2.1916389,0.1982135,47,462
85ae,1679569364511166,0.21139231,2.6072462,0.20897956,49,464
85ab,1679569365311262,0.15171774,2.1946127,0.18896195,46,472
85ae,1679569365511738,0.21792197,2.6128347,0.21539056,47,474
85ab,1679569366310414,0.1569902,2.1978483,0.18697576,47,482
85ae,1679569366510924,0.230825,2.6234102,0.22566834,47,484
85ab,1679569367311186,0.15411866,2.199738,0.18834291,47,492
85ae,1679569367511168,0.2263805,2.6366119,0.23332697,48,494
85ab,1679569368311208,0.17519926,2.1917081,0.17821005,46,502
85ae,1679569368511108,0.22387601,2.6406009,0.24169558,48,504
85ab,1679569369311260,0.14812854,2.1862359,0.18506694,48,512
85ae,1679569369511200,0.22780806,2.6457169,0.23892775,48,514
85ab,1679569370311258,0.14445315,2.1966105,0.19134904,47,522
85ae,1679569370511218,0.22015564,2.6413186,0.23610966,48,524
85ab,1679569371310739,0.13291393,2.2049205,0.19975363,48,532
85ae,1679569371510342,0.23298307,2.6493945,0.23435768,47,534
85ab,1679569372311279,0.13997823,2.1960981,0.20761493,46,542
85ae,1679569372511208,0.24067806,2.6490345,0.23216967,47,544
85ab,1679569373311237,0.12588003,2.1834915,0.20558684,48,552
85ae,1679569373511208,0.22599056,2.6494484,0.24522127,48,554
85ab,1679569374311249,0.13791211,2.1934624,0.21267687,46,562
85ae,1679569374511215,0.2288108,2.6494212,0.24369518,48,564
85ab,1679569375311308,0.12031095,2.1882222,0.21423058,48,572
85ae,1679569375511513,0.23626895,2.6476851,0.2410821,47,574
85ab,1679569376312138,0.12793337,2.1968005,0.21965761,47,582
85ae,1679569376511261,0.24985495,2.6455996,0.23851995,47,584
85ab,1679569377311260,0.13847642,2.1932147,0.21746422,46,592
85ae,1679569377511235,0.25408044,2.643276,0.23743592,47,594
85ab,1679569378311288,0.14297149,2.1920311,0.21131112,47,602
85ae,1679569378511212,0.23633993,2.6401165,0.22792238,49,604
85ab,1679569379311266,0.14436066,2.1972275,0.21241993,47,612
85ae,1679569379511260,0.23710209,2.6368213,0.21830814,48,614
85ab,1679569380311251,0.1480082,2.201509,0.2104523,47,622
85ae,1679569380511239,0.22175017,2.6282561,0.21539636,49,624
85ab,1679569381311306,0.14037892,2.1876225,0.20309883,47,632
85ae,1679569381511784,0.2350278,2.6251254,0.21729535,47,634
85ab,1679569382311309,0.15826496,2.1891811,0.19842179,46,642
85ae,1679569382510380,0.2022022,2.6315033,0.22788493,50,644
85ab,1679569383311275,0.15993978,2.1883574,0.18505348,47,652
85ae,1679569383511262,0.17385302,2.6313665,0.22264102,50,654
85ab,1679569384311385,0.16155091,2.1902025,0.19504534,46,662
85ae,1679569384511277,0.18365151,2.630162,0.22043651,48,664
85ab,1679569385311284,0.1565714,2.190671,0.20617777,47,672
85ae,1679569385511255,0.19909059,2.6334152,0.22532618,47,674
85ab,1679569386311318,0.1479087,2.1991327,0.20615718,48,682
85ae,1679569386511768,0.20270608,2.6281028,0.2255539,48,684
85ab,1679569387311834,0.17348135,2.2049885,0.19830795,45,692
85ae,1679569387511295,0.2160515,2.6283183,0.22614522,47,694
85ab,1679569388311214,0.16260494,2.2046144,0.19986394,47,702
85ae,1679569388511253,0.24471594,2.6255999,0.22748996,46,704
85ab,1679569389311284,0.15917557,2.2031264,0.20285794,47,712
85ae,1679569389511226,0.24680772,2.6363997,0.23147969,47,714
85ab,1679569390312630,0.16761,2.2005847,0.19644874,46,722
85ae,1679569390511288,0.24174745,2.6369069,0.23107894,48,724
85ab,1679569391311237,0.15423885,2.2107298,0.20140852,48,732
85ae,1679569391511762,0.2245961,2.6348503,0.2320047,49,734
85ab,1679569392311339,0.16025871,2.2117257,0.19343501,47,742
85ae,1679569392511234,0.23032781,2.6421099,0.23071612,48,744
85ab,1679569393311372,0.15179786,2.2144845,0.18655895,48,752
85ae,1679569393511321,0.21390836,2.638947,0.22734553,49,754
85ab,1679569394311284,0.15136218,2.2138577,0.19633074,47,762
85ae,1679569394511348,0.213117,2.6238592,0.21858698,48,764
85ab,1679569395311322,0.16298692,2.1973851,0.18953286,46,772
85ae,1679569395511211,0.22849828,2.6267753,0.22079524,47,774
85ab,1679569396311404,0.14746507,2.1944404,0.19155486,48,782
85ae,1679569396511824,0.26049367,2.634434,0.21984224,46,784
85ab,1679569397311304,0.12258402,2.1916666,0.18344197,49,792
85ae,1679569397511343,0.24735349,2.6319952,0.22102661,48,794
85ab,1679569398310495,0.10732505,2.1832862,0.18706112,48,802
85ae,1679569398510392,0.21714737,2.6370704,0.22016142,50,804
85ab,1679569399311370,0.097820908,2.1718402,0.18472859,48,812
85ae,1679569399511348,0.21804555,2.636498,0.21569036,48,814
85ab,1679569400311316,0.11397481,2.1741393,0.17235059,47,822
85ae,1679569400511371,0.21155824,2.6339383,0.22138354,48,824
85ab,1679569401311368,0.12078808,2.1853287,0.1743889,47,832
85ae,1679569401511266,0.22802195,2.6390467,0.2284656,47,834
85ab,1679569402311361,0.11075496,2.1781223,0.19398479,48,842
85ae,1679569402511298,0.24223986,2.6436,0.22669376,47,844
85ab,1679569403311262,0.11502039,2.172642,0.19550936,47,852
85ae,1679569403511647,0.24767463,2.6442344,0.2291168,47,854
85ab,1679569404311373,0.12010515,2.1718113,0.19143659,47,862
85ae,1679569404511255,0.23773922,2.6393454,0.22798255,48,864
85ab,1679569405311363,0.1082963,2.1632984,0.19225508,48,872
85ae,1679569405511431,0.26148638,2.6422009,0.22517747,46,874
85ab,1679569406311351,0.1132738,2.1853356,0.19609207,48,882
85ae,1679569406511901,0.26605523,2.6489458,0.22986344,47,884
85ab,1679569407311376,0.15171264,2.1766798,0.18403263,45,892
85ae,1679569407511267,0.25503725,2.6377671,0.23186266,48,894
85ab,1679569408311364,0.15376434,2.1912353,0.1898458,47,902
85ae,1679569408511403,0.24652058,2.642848,0.23249032,48,904
85ab,1679569409310545,0.15941107,2.1892877,0.17955491,47,912
85ae,1679569409510456,0.26221824,2.6519625,0.24231774,46,914
85ab,1679569410311252,0.16465859,2.1988161,0.18507554,47,922
85ae,1679569410511328,0.25598156,2.6468203,0.23770097,48,924
85ab,1679569411311355,0.17011119,2.2006536,0.18671747,46,932
85ae,1679569411511883,0.25467348,2.6414378,0.2344778,47,934
85ab,1679569412311332,0.16526215,2.1870418,0.18955943,47,942
85ae,1679569412511276,0.24292526,2.6439826,0.23464817,48,944
85ab,1679569413311321,0.175724,2.1811075,0.19586729,46,952
85ae,1679569413511250,0.24488126,2.6429033,0.23523568,47,954
85ab,1679569414311413,0.16924293,2.1826494,0.19775677,47,962
85ae,1679569414511337,0.23084868,2.6491475,0.2372437,48,964
85ab,1679569415311385,0.16164356,2.1924152,0.20095982,47,972
85ae,1679569415511425,0.24633418,2.6464915,0.22779608,47,974
85ab,1679569416311420,0.1530014,2.1869977,0.19530468,47,982
85ae,1679569416511385,0.25607371,2.64827,0.23158453,47,984
85ab,1679569417311385,0.1296248,2.1866579,0.20770957,48,992
85ae,1679569417511363,0.24933654,2.6401911,0.22488591,48,994
85ab,1679569418311310,0.13451803,2.1957145,0.20581815,47,1002
85ae,1679569418511342,0.23764406,2.640784,0.22862361,48,1004
85ab,1679569419311385,0.10641761,2.1794441,0.20408022,49,1012
85ae,1679569419511262,0.2328967,2.6394925,0.22989626,48,1014
85ab,1679569420310559,0.068799525,2.1811275,0.20802736,50,1022
85ae,1679569420510540,0.20740823,2.6308146,0.2356191,49,1024
85ab,1679569421311474,0.02374538,2.1936257,0.21208122,52,1032
85ae,1679569421511336,0.23494922,2.63035,0.23849127,46,1034
85ab,1679569422311459,-0.086836614,2.1807232,0.21669942,57,1042
85ae,1679569422511339,0.2283276,2.632525,0.24422915,48,1044
85ab,1679569423311440,0.031506572,2.1696916,0.22470926,42,1052
85ae,1679569423511438,0.22533634,2.6303732,0.24373797,48,1054
85ab,1679569424311395,-0.050811321,2.1687958,0.23592728,55,1062
85ae,1679569424511440,0.2303542,2.6362586,0.24510317,47,1064
85ab,1679569425311557,-0.043854967,2.1686947,0.22547989,50,1072
85ae,1679569425511474,0.24350448,2.6286783,0.23907155,47,1074
85ab,1679569426311468,-0.0386377,2.1792066,0.22504123,50,1082
85ae,1679569426511663,0.23150095,2.627425,0.24605288,48,1084
85ab,1679569427311425,-0.11437527,2.1827695,0.2358128,55,1092
85ae,1679569427511905,0.24303438,2.6283371,0.24507183,47,1094
85ab,1679569428311465,-0.15444767,2.1711407,0.25101742,54,1102
85ae,1679569428511438,0.23949941,2.6346903,0.23990968,48,1104
85ab,1679569429311558,-0.19425422,2.1758597,0.25335443,55,1112
85ae,1679569429511466,0.22797897,2.6346273,0.22440583,49,1114
85ab,1679569430311486,-0.21173343,2.1737103,0.23596597,54,1122
85ae,1679569430511363,0.23836777,2.632586,0.2263048,47,1124
85ab,1679569431311536,-0.22290571,2.1760416,0.23397857,54,1132
85ae,1679569431510621,0.22743732,2.6343784,0.23066367,48,1134
85ab,1679569432311520,-0.11373691,2.1839273,0.21644121,46,1142
85ae,1679569432512024,0.23320842,2.6397362,0.23261213,47,1144
85ab,1679569433311487,-0.048663244,2.194731,0.20421423,47,1152
85ae,1679569433511551,0.25547937,2.6375055,0.22743583,46,1154
85ab,1679569434311517,-0.13530853,2.1793966,0.21095915,56,1162
85ae,1679569434511464,0.25168598,2.6348662,0.23020561,47,1164
85ab,1679569435311559,-0.16970059,2.1847057,0.20887654,55,1172
85ae,1679569435511531,0.23067617,2.6273479,0.2277053,49,1174
85ab,1679569436312057,-0.12295397,2.1755898,0.19951272,49,1182
85ae,1679569436511545,0.21905178,2.6263757,0.23137842,48,1184
85ab,1679569437311544,-0.181398,2.1755612,0.22004712,56,1192
85ae,1679569437511466,0.24554753,2.6348944,0.23437503,46,1194
85ab,1679569438312058,-0.15538366,2.1706707,0.21275657,51,1202
85ae,1679569438511464,0.24347854,2.6419628,0.23853259,48,1204
85ab,1679569439311555,-0.20291063,2.1846285,0.21810123,56,1212
85ae,1679569439511574,0.24523933,2.6282864,0.22414176,47,1214
85ab,1679569440311573,-0.10042094,2.1825533,0.2208948,46,1222
85ae,1679569440511554,0.23719124,2.6323464,0.22536579,48,1224
85ab,1679569441311584,-0.071430035,2.1951485,0.21466075,50,1232
85ae,1679569441511554,0.22987668,2.6322279,0.22669028,48,1234
85ab,1679569442311623,-0.078087784,2.1952286,0.20893785,52,1242
85ae,1679569442511540,0.21343885,2.6439776,0.22878356,49,1244
85ab,1679569443312048,-0.14895314,2.1978729,0.21525517,56,1252
85ae,1679569443511543,0.21474281,2.6400907,0.22849286,48,1254
85ab,1679569444311446,-0.14581789,2.1980982,0.21109451,52,1262
85ae,1679569444511618,0.22310632,2.6419888,0.23387608,47,1264
85ab,1679569445311565,-0.11677328,2.2104628,0.21520308,50,1272
85ae,1679569445511477,0.23077345,2.6394,0.23756796,47,1274
85ab,1679569446311578,-0.13423415,2.2105618,0.21195969,53,1282
85ae,1679569446511594,0.207642,2.637718,0.23952782,49,1284
85ab,1679569447311866,-0.14608839,2.207541,0.22742257,53,1292
85ae,1679569447511580,0.19130115,2.6310968,0.22836363,49,1294
85ab,1679569448310737,-0.17903635,2.1884508,0.22240125,54,1302
85ae,1679569448510962,0.19884051,2.6279666,0.22762646,48,1304
85ab,1679569449311686,-0.15251832,2.1878102,0.22675671,51,1312
85ae,1679569449511465,0.17402035,2.6204734,0.2260616,50,1314
85ab,1679569450311476,-0.11953495,2.1864948,0.21956655,50,1322
85ae,1679569450511483,0.19373287,2.6277618,0.22321743,47,1324
85ab,1679569451311656,-0.033662658,2.1873922,0.22837152,45,1332
85ae,1679569451511598,0.18263566,2.6312668,0.23370691,49,1334
85ab,1679569452311623,0.015941305,2.1894338,0.21253654,47,1342
85ae,1679569452511785,0.049226176,2.6318858,0.25284252,57,1344
85ab,1679569453310766,-0.062858663,2.1943958,0.21853346,55,1352
85ae,1679569453512109,0.044788968,2.6365242,0.24496311,51,1354
85ab,1679569454311649,-0.075267538,2.1917665,0.21885209,52,1362
85ae,1679569454511466,0.072766617,2.6376481,0.24207474,49,1364
85ab,1679569455311608,-0.050926439,2.1850834,0.2069184,49,1372
85ae,1679569455511642,0.077549882,2.6376131,0.2391219,50,1374
85ab,1679569456311540,-0.034769364,2.1884053,0.20244506,50,1382
85ae,1679569456511620,0.12004316,2.6423912,0.23452294,48,1384
85ab,1679569457311645,-0.068595327,2.1921535,0.20051074,53,1392
85ae,1679569457511621,0.15458609,2.6442192,0.22958204,47,1394
85ab,1679569458311614,-0.06777288,2.1911705,0.19619423,51,1402
85ae,1679569458511508,0.18982552,2.6376128,0.21925355,47,1404
85ab,1679569459312042,-0.039510485,2.1857746,0.19304562,49,1412
85ae,1679569459511600,0.20836386,2.6352539,0.2197248,47,1414
85ab,1679569460311656,-0.031317417,2.1901565,0.19905138,50,1422
85ae,1679569460511636,0.23025583,2.6317971,0.21873491,47,1424
85ab,1679569461311677,-0.046579722,2.2030203,0.21832605,51,1432
85ae,1679569461511592,0.21378781,2.6406329,0.22330643,49,1434
85ab,1679569462311652,-0.035711154,2.2002473,0.22024643,50,2
85ae,1679569462511608,0.23230353,2.6382794,0.22192213,47,4
85ab,1679569463311780,-0.028769609,2.1968088,0.21080859,50,12
85ae,1679569463511668,0.24155578,2.6357727,0.22174951,47,14
85ab,1679569464311206,0.0055796043,2.1993632,0.21014273,48,22
85ae,1679569464512120,0.2324474,2.6264381,0.21545628,48,24
85ab,1679569465311649,0.0094221123,2.1991267,0.20044409,49,32
85ae,1679569465511670,0.24615653,2.6280928,0.20723231,47,34
85ab,1679569466311696,0.039195847,2.1905541,0.19483629,47,42
85ae,1679569466511501,0.253175,2.6317556,0.20766123,47,44
85ab,1679569467311515,0.071825236,2.1931338,0.19394311,47,52
85ae,1679569467511468,0.2224606,2.6238689,0.20221503,49,54
85ab,1679569468311599,0.092931353,2.192785,0.19036,47,62
85ae,1679569468511490,0.20476505,2.6287196,0.20109876,49,64
85ab,1679569469310747,0.11203808,2.2064588,0.19404759,47,72
85ae,1679569469510721,0.20216948,2.6238253,0.20223518,48,74
85ab,1679569470312047,0.09569139,2.2013559,0.19292916,49,82
85ae,1679569470511518,0.23096922,2.6325989,0.21678942,46,84
85ab,1679569471311572,0.076259688,2.1973855,0.18393117,50,92
85ae,1679569471511643,0.24657093,2.6372049,0.22434686,47,94
85ab,1679569472311605,0.03496965,2.2046285,0.19541158,51,102
85ae,1679569472511568,0.23818994,2.6363409,0.22323392,48,104
85ab,1679569473311632,0.036400523,2.1993027,0.19072512,49,112
85ae,1679569473511580,0.26191074,2.6417217,0.22930956,46,114
85ab,1679569474311764,0.029671339,2.1965153,0.19432917,49,122
85ae,1679569474511607,0.2637077,2.6432989,0.22840692,47,124
85ab,1679569475311636,0.0053238724,2.1976509,0.19528741,51,132
85ae,1679569475512089,0.22257151,2.6407578,0.2263532,50,134
85ab,1679569476311642,-0.0056638257,2.1812556,0.19201156,50,142
85ae,1679569476511612,0.26200864,2.6470146,0.22757547,45,144
85ab,1679569477311642,-0.013146123,2.1780305,0.1971076,50,152
85ae,1679569477511642,0.24574175,2.6481271,0.22948039,48,154
85ab,1679569478311683,-0.0095641892,2.1764524,0.20787823,49,162
85ae,1679569478511467,0.23035097,2.6410611,0.2319482,48,164
85ab,1679569479311522,0.046666227,2.1843123,0.19873959,46,172
85ae,1679569479511612,0.19426677,2.6412523,0.23014508,50,174
85ab,1679569480310910,0.078328893,2.1862073,0.19385028,47,182
85ae,1679569480510800,0.17530885,2.6348705,0.23183315,49,184
85ab,1679569481312132,0.11640457,2.1839557,0.18960138,45,192
85ae,1679569481511596,0.20003924,2.6422205,0.23069286,47,194
85ab,1679569482311656,0.086524427,2.1954951,0.19249776,50,202
85ae,1679569482511630,0.21314713,2.6440923,0.22056507,48,204
85ab,1679569483311663,0.074925825,2.1956556,0.18790787,49,212
85ae,1679569483511656,0.20961697,2.6484351,0.21863814,48,214
85ab,1679569484311654,0.034896787,2.1899168,0.19316548,51,222
85ae,1679569484511634,0.18186042,2.651582,0.21330112,50,224
85ab,1679569485311693,0.012266606,2.1940117,0.18785253,51,232
85ae,1679569485511703,0.18563057,2.647965,0.21572055,48,234
85ab,1679569486312180,0.032005914,2.19912,0.19013262,48,242
85ae,1679569486511886,0.22121421,2.6328588,0.21189035,46,244
85ab,1679569487311608,0.022194361,2.1899772,0.19978991,49,252
85ae,1679569487511630,0.25045884,2.637795,0.21661942,46,254
85ab,1679569488311663,0.035837218,2.179405,0.19916242,48,262
85ae,1679569488511591,0.26370287,2.6407139,0.21468017,47,264
85ab,1679569489311668,0.068385221,2.1727505,0.19846733,46,272
85ae,1679569489511672,0.25703707,2.6406331,0.21580456,48,274
85ab,1679569490311646,0.087467231,2.1722417,0.20404147,47,282
85ae,1679569490511643,0.25882894,2.645015,0.22662398,47,284
85ab,1679569491310866,0.056385659,2.176635,0.19128972,51,292
85ae,1679569491511160,0.25082472,2.6293766,0.21879905,48,294
85ab,1679569492311704,0.026602235,2.1638026,0.18987449,51,302
85ae,1679569492511680,0.13527711,2.63366,0.23200279,55,304
85ab,1679569493311644,0.063655332,2.1647189,0.19665277,46,312
85ae,1679569493511680,0.11524741,2.6380327,0.23492458,51,314
85ab,1679569494311704,0.091620594,2.175216,0.18432829,47,322
85ae,1679569494511636,0.11575416,2.6330366,0.24080582,49,324
85ab,1679569495311708,0.10669516,2.1808014,0.18508141,47,332
85ae,1679569495511694,0.14537834,2.6409187,0.23901704,48,334
85ab,1679569496311672,0.13096933,2.1822169,0.17914923,46,342
85ae,1679569496512224,0.11624654,2.6311252,0.23361653,51,344
85ab,1679569497310854,0.073872626,2.1871467,0.18629138,51,352
85ae,1679569497511630,0.086458348,2.6290119,0.23221709,52,354
85ab,1679569498311731,0.017785456,2.1906412,0.18878973,52,362
85ae,1679569498511685,0.11460038,2.6353309,0.22585173,48,364
85ab,1679569499311663,0.025892252,2.1904941,0.19391696,49,372
85ae,1679569499511707,0.14067753,2.6376414,0.23281278,48,374
85ab,1679569500311740,0.02043914,2.1908519,0.19748788,50,382
85ae,1679569500511634,0.16680247,2.6430585,0.23497626,47,384
85ab,1679569501311767,-0.02255475,2.1873436,0.20017315,52,392
85ae,1679569501512232,0.18447959,2.6369951,0.23260741,47,394
85ab,1679569502310875,-0.066045426,2.1900465,0.21470898,53,402
85ae,1679569502510798,0.20691729,2.6438138,0.23127356,47,404
85ab,1679569503311766,-0.050917067,2.1859365,0.20296256,50,412
85ae,1679569503511644,0.21386695,2.640924,0.23113964,48,414
85ab,1679569504311712,-0.029965037,2.1904018,0.20150928,49,422
85ae,1679569504511756,0.22431211,2.637032,0.22344442,47,424
85ab,1679569505311706,-0.039403412,2.1959486,0.20269822,51,432
85ae,1679569505511672,0.23631184,2.6408954,0.23269029,47,434
85ab,1679569506311760,-0.062205948,2.1986504,0.21589863,52,442
85ae,1679569506511765,0.23852821,2.6462743,0.23555164,47,444
85ab,1679569507311714,-0.048184559,2.1956677,0.21613942,50,452
85ae,1679569507511683,0.22749184,2.6459918,0.23566625,48,454
85ab,1679569508311766,-0.041884895,2.1898153,0.21130523,50,462
85ae,1679569508510850,0.22795998,2.6434364,0.23518804,48,464
85ab,1679569509311779,-0.057455994,2.1895883,0.20258836,52,472
85ae,1679569509511671,0.26205549,2.6440432,0.2267205,46,474
85ab,1679569510311647,-0.036071975,2.1870375,0.19992746,49,482
85ae,1679569510511716,0.23429786,2.6473055,0.22878465,49,484
85ab,1679569511311763,-0.022421278,2.1785786,0.18652782,49,492
85ae,1679569511511756,0.043439355,2.6455324,0.25137419,60,494
85ab,1679569512311710,0.025080005,2.1773982,0.18303874,47,502
85ae,1679569512511767,0.027010826,2.6434908,0.24756403,52,504
85ab,1679569513311793,0.074605159,2.1809123,0.17998704,46,512
85ae,1679569513511675,-0.11793367,2.6342807,0.27081922,60,514
85ab,1679569514311767,0.080577239,2.1954145,0.18546525,48,522
85ae,1679569514511752,-0.1537791,2.6331244,0.27251214,56,524
85ab,1679569515311806,0.082841776,2.1932263,0.18597072,48,532
85ae,1679569515511803,-0.20322663,2.623831,0.27074134,57,534
85ab,1679569516311718,0.052798897,2.1918502,0.20030785,50,542
85ae,1679569516511685,-0.2493854,2.6311431,0.27099609,58,544
85ab,1679569517311759,0.038384158,2.1793606,0.20238797,49,552
85ae,1679569517511728,-0.27186534,2.6396995,0.27296707,57,554
85ab,1679569518311810,0.027305039,2.1736214,0.21361224,49,562
85ae,1679569518511750,-0.35190651,2.6337616,0.28667566,61,564
85ab,1679569519311822,0.033387259,2.1721721,0.21061277,49,572
85ae,1679569519511792,-0.17268974,2.636764,0.27764463,45,574
85ab,1679569520311693,0.022545541,2.1695716,0.2265472,49,582
85ae,1679569520511774,-0.2651611,2.6400232,0.29580545,60,584
85ab,1679569521311808,0.040951975,2.1719713,0.23298432,47,592
85ae,1679569521511765,-0.33099458,2.6315277,0.29735163,60,594
85ab,1679569522311689,0.04252135,2.177114,0.22611371,49,602
85ae,1679569522511685,-0.16895278,2.6326785,0.28015646,46,604
85ab,1679569523312317,0.050852481,2.1724672,0.22319588,48,612
85ae,1679569523511703,-0.2192774,2.6364841,0.27916148,57,614
85ab,1679569524310987,0.028013367,2.1710215,0.21033132,50,622
85ae,1679569524511828,-0.24400178,2.6332278,0.27685648,56,624
85ab,1679569525311839,0.032964405,2.1703181,0.20774993,49,632
85ae,1679569525511834,-0.26190549,2.6206224,0.26488683,56,634
85ab,1679569526311845,0.044781305,2.1756241,0.19651841,48,642
85ae,1679569526511816,-0.28318098,2.6306412,0.27246663,57,644
85ab,1679569527311932,0.04748344,2.175396,0.19696161,49,652
85ae,1679569527511826,-0.28756258,2.6176207,0.26465315,56,654
85ab,1679569528312392,0.030342065,2.1756527,0.20619485,50,662
85ae,1679569528511820,-0.29713008,2.6143305,0.26695591,57,664
85ab,1679569529311875,0.047243342,2.1835728,0.20645416,48,672
85ae,1679569529511843,-0.27720734,2.6210179,0.26406908,55,674
85ab,1679569530311884,0.061521314,2.1934652,0.20300718,48,682
85ae,1679569530511828,-0.30487096,2.624543,0.26212552,58,684
85ab,1679569531311863,0.045249991,2.1934745,0.21912749,49,692
85ae,1679569531511878,-0.30691704,2.6326923,0.267983,56,694
85ab,1679569532311866,0.058742736,2.1825368,0.21920818,47,702
85ae,1679569532511843,-0.30408761,2.6376333,0.27369288,56,704
85ab,1679569533312403,0.062906355,2.2412462,0.25025713,69,712
85ae,1679569533511841,-0.3190718,2.6441128,0.28055474,57,714
85ab,1679569534311943,0.041314192,2.2195833,0.24385625,50,722
85ae,1679569534511908,-0.24480352,2.6450567,0.27209482,52,724
85ab,1679569535311866,0.024692144,2.2033808,0.24341583,50,732
85ae,1679569535511894,-0.2829937,2.6393738,0.27530476,58,734
85ab,1679569536311894,0.019093743,2.18312,0.22700953,49,742
85ae,1679569536511770,-0.31305951,2.6422598,0.28422749,58,744
85ab,1679569537311962,0.046930112,2.1914172,0.21639051,47,752
85ae,1679569537511965,-0.3500337,2.6428874,0.28970152,59,754
85ab,1679569538312430,0.0477613,2.1834896,0.22221045,48,762
85ae,1679569538511704,-0.37840465,2.6435678,0.29572573,59,764
85ab,1679569539311744,0.071904808,2.1843126,0.20476121,47,772
85ae,1679569539511745,-0.3950423,2.64305,0.29037297,59,774
85ab,1679569540311958,0.093754359,2.1839943,0.20398846,47,782
85ae,1679569540511964,-0.38586909,2.6438463,0.28899768,57,784
85ab,1679569541311928,0.1213321,2.1854446,0.194184,46,792
85ae,1679569541511928,-0.39704138,2.6347554,0.292886,58,794
85ab,1679569542311930,0.14560343,2.1921737,0.19326536,46,802
85ae,1679569542511919,-0.42638674,2.6283023,0.29330623,59,804
85ab,1679569543311936,0.14536262,2.1996908,0.19302985,47,812
85ae,1679569543512455,-0.42738223,2.6318717,0.28953534,58,814
85ab,1679569544311950,0.16103855,2.1932364,0.19001029,46,822
85ae,1679569544511972,-0.44403452,2.6228268,0.28825286,59,824
85ab,1679569545311940,0.14734165,2.1836133,0.18654588,48,832
85ae,1679569545511828,-0.45939597,2.6196146,0.29106176,59,834
85ab,1679569546311918,0.1537874,2.18736,0.19077709,46,842
85ae,1679569546512190,-0.43761286,2.6264391,0.29194441,57,844
85ab,1679569547311834,0.12999435,2.182739,0.20590077,48,852
85ae,1679569547511838,-0.37644771,2.6366942,0.28290576,55,854
85ab,1679569548311919,0.079522781,2.1838019,0.20735854,51,862
85ae,1679569548511761,-0.3246536,2.6341414,0.27581465,54,864
85ab,1679569549311839,0.091932714,2.1890423,0.20833974,47,872
85ae,1679569549511835,-0.30473512,2.6335292,0.27290204,55,874
85ab,1679569550311886,0.10535473,2.2001746,0.21510579,47,882
85ae,1679569550511798,-0.26916757,2.631125,0.25673002,54,884
85ab,1679569551311047,0.087985069,2.2100296,0.21835791,49,892
85ae,1679569551511094,-0.24667689,2.6382544,0.25275958,54,894
85ab,1679569552311837,0.071693145,2.2243841,0.21446641,50,902
85ae,1679569552511846,-0.22465508,2.6321974,0.2471153,54,904
85ab,1679569553311918,0.054190282,2.2020814,0.20463444,50,912
85ae,1679569553511896,-0.2076637,2.636941,0.25408563,54,914
85ab,1679569554311852,0.081374221,2.2017324,0.19708011,47,922
85ae,1679569554511814,-0.18589903,2.6389408,0.26060358,53,924
85ab,1679569555311857,0.069398709,2.1932654,0.19371757,49,932
85ae,1679569555511830,-0.1594504,2.6300611,0.2502324,53,934
85ab,1679569556312487,0.074187204,2.1922259,0.18689014,48,942
85ae,1679569556512071,-0.14201987,2.6392593,0.24581301,53,944
85ab,1679569557311113,0.061311383,2.1928511,0.19091804,49,952
85ae,1679569557511052,-0.14498834,2.6446614,0.24552813,54,954
85ab,1679569558311952,0.044899255,2.1884029,0.19104852,50,962
85ae,1679569558511893,-0.15750775,2.6483204,0.25108591,55,964
85ab,1679569559311878,0.04356809,2.1848416,0.18020871,49,972
85ae,1679569559512436,-0.14288531,2.6397073,0.2462023,53,974
85ab,1679569560311940,0.071558312,2.1929841,0.18307821,47,982
85ae,1679569560511847,-0.16508523,2.6361821,0.24420725,55,984
85ab,1679569561311982,0.10800389,2.2009437,0.18871573,46,992
85ae,1679569561511971,-0.14830095,2.6403024,0.24394628,53,994
85ab,1679569562311868,0.11520051,2.1976817,0.19895013,47,1002
85ae,1679569562511959,-0.16826554,2.6300991,0.24150701,55,1004
85ab,1679569563311977,0.1163931,2.1841278,0.20431359,47,1012
85ae,1679569563511974,-0.16605781,2.6362979,0.25147092,54,1014
85ab,1679569564312032,0.086963035,2.1793039,0.2007011,50,1022
85ae,1679569564512512,-0.14226708,2.638669,0.25071907,53,1024
85ab,1679569565311876,0.066707022,2.179642,0.20917358,49,1032
85ae,1679569565511948,-0.135181,2.64332,0.25444791,53,1034
85ab,1679569566312002,0.058437347,2.1959064,0.20330906,49,1042
85ae,1679569566512059,-0.12867956,2.6385474,0.25451788,53,1044
85ab,1679569567312157,0.044878881,2.1766698,0.20482232,49,1052
85ae,1679569567511934,-0.10738236,2.6403704,0.25564015,52,1054
85ab,1679569568311143,0.031568196,2.189065,0.19041115,50,1062
85ae,1679569568511056,-0.12831037,2.6309719,0.25420225,54,1064
85ab,1679569569311911,0.047789678,2.1941793,0.19389027,48,1072
85ae,1679569569512418,-0.14284755,2.6356208,0.25673425,54,1074
85ab,1679569570311896,0.0641246,2.1842997,0.19836254,47,1082
85ae,1679569570511884,-0.16201492,2.6789918,0.29954708,70,1084
85ab,1679569571311887,0.045210592,2.1819954,0.20107377,50,1092
85ae,1679569571511880,-0.13438855,2.6618867,0.27769351,52,1094
85ab,1679569572311976,0.044517007,2.1823876,0.20355777,49,1102
85ae,1679569572511942,-0.10608302,2.6482663,0.26604107,52,1104
85ab,1679569573311958,0.058612622,2.2074766,0.21952349,69,1112
85ae,1679569573511953,-0.10341659,2.6492665,0.26105732,53,1114
85ab,1679569574311922,0.057569847,2.1969814,0.20695375,49,1122
85ae,1679569574512580,-0.088295162,2.6424778,0.253163,52,1124
85ab,1679569575312024,0.038994543,2.1906469,0.21993653,50,1132
85ae,1679569575512033,-0.087865464,2.6423874,0.25138205,53,1134
85ab,1679569576312061,0.055537943,2.1793473,0.20176858,48,1142
85ae,1679569576512068,-0.11608714,2.6338298,0.26180136,54,1144
85ab,1679569577311926,0.067931011,2.1827617,0.20669785,48,1152
85ae,1679569577512050,-0.10054335,2.6361389,0.25609702,52,1154
85ab,1679569578312068,0.062902637,2.1944795,0.2158442,49,1162
85ae,1679569578511963,-0.11730966,2.6344123,0.24850196,54,1164
85ab,1679569579311943,0.049547926,2.1812866,0.20519969,49,1172
85ae,1679569579511966,-0.13105385,2.6357858,0.25143522,54,1174
85ab,1679569580311962,0.050028041,2.1981437,0.20941444,49,1182
85ae,1679569580511876,-0.13067481,2.645376,0.25980464,54,1184
85ab,1679569581311936,0.070115469,2.1933465,0.21584576,47,1192
85ae,1679569581511928,-0.15976281,2.6478562,0.270783,55,1194
85ab,1679569582311942,0.087895252,2.1906052,0.21463989,47,1202
85ae,1679569582512065,-0.13188477,2.6477401,0.26858103,52,1204
85ab,1679569583311978,0.0753352,2.1885283,0.21645741,49,1212
85ae,1679569583511939,-0.07961601,2.6433296,0.25142926,50,1214
85ab,1679569584311240,0.10818567,2.1945043,0.21861614,46,1222
85ae,1679569584512043,-0.02443718,2.6373091,0.2485871,49,1224
85ab,1679569585314274,0.068293869,2.1933112,0.21112204,51,1232
85ae,1679569585512114,-0.02548177,2.5599751,0.38732886,69,1234
85ab,1679569586312079,0.043056093,2.1950476,0.20546012,50,1242
85ae,1679569586512096,0.038929552,2.5782602,0.3499054,48,1244
85ab,1679569587312133,0.0023744453,2.1893723,0.21155816,52,1252
85ae,1679569587512072,0.0818829,2.5927951,0.3225863,48,1254
85ab,1679569588311981,0.0050552306,2.1823597,0.20952521,49,1262
85ae,1679569588511977,-0.010177164,2.5985537,0.31101581,56,1264
85ab,1679569589311246,0.030686706,2.1921394,0.20558743,48,1272
85ae,1679569589511144,-0.021523273,2.605406,0.29713932,52,1274
85ab,1679569590311993,0.08182019,2.1939282,0.19389316,46,1282
85ae,1679569590512026,-0.13775507,2.6126876,0.30027643,59,1284
85ab,1679569591311962,0.13543911,2.1920404,0.19999856,44,1292
85ae,1679569591512108,-0.0776631,2.6204741,0.28469035,50,1294
85ab,1679569592312073,0.14243782,2.19011,0.19772398,47,1302
85ae,1679569592512040,-0.10868858,2.6200686,0.282895,55,1304
85ab,1679569593312082,0.16826807,2.1900818,0.19615254,45,1312
85ae,1679569593512010,-0.035608608,2.6172986,0.26360333,48,1314
85ab,1679569594312133,0.19628994,2.1844997,0.18698969,45,1322
85ae,1679569594512124,-0.16074462,2.6133378,0.27744639,60,1324
85ab,1679569595312044,0.20688638,2.1798327,0.19104499,45,1332
85ae,1679569595512605,-0.24900468,2.616292,0.28834733,59,1334
85ab,1679569596312084,0.21216463,2.1811655,0.19314505,45,1342
85ae,1679569596511985,-0.31726557,2.6247931,0.28985712,60,1344
85ab,1679569597312082,0.2290162,2.2045696,0.20353979,45,1352
85ae,1679569597512121,-0.23252036,2.6211672,0.27102655,51,1354
85ab,1679569598312021,0.20934391,2.2203717,0.20897444,69,1362
85ae,1679569598512070,-0.314194,2.6259091,0.29302785,60,1364
85ab,1679569599312100,0.21319538,2.2082472,0.20720436,45,1372
85ae,1679569599512002,-0.39363182,2.6273143,0.31125084,61,1374
85ab,1679569600312150,0.19285491,2.2041385,0.2134272,47,1382
85ae,1679569600512066,-0.41619614,2.6271098,0.30738103,59,1384
85ab,1679569601311989,0.18877053,2.1940739,0.20705563,46,1392
85ae,1679569601512090,-0.45581362,2.6315565,0.31761864,60,1394
85ab,1679569602312046,0.094605327,2.19641,0.22194856,53,1402
85ae,1679569602512032,-0.48230055,2.6348045,0.33073232,60,1404
85ab,1679569603312116,0.10580648,2.2011349,0.21943244,47,1412
85ae,1679569603512065,-0.49625096,2.6385922,0.32897222,60,1414
85ab,1679569604312090,0.0027349794,2.2031579,0.22839056,55,1422
85ae,1679569604512114,-0.49459559,2.6310415,0.31713375,59,1424
85ab,1679569605312083,0.029775921,2.1924627,0.22620426,47,1432
85ae,1679569605512034,-0.49300927,2.6285386,0.31403205,59,1434
85ab,1679569606312644,-0.019322071,2.1936646,0.23156756,52,2
85ae,1679569606512030,-0.48149288,2.6385634,0.31488931,58,4
85ab,1679569607312013,0.032931827,2.1885343,0.2235328,46,12
85ae,1679569607512092,-0.48956588,2.640583,0.32114363,59,14
85ab,1679569608312071,0.081320442,2.1853821,0.21449623,45,22
85ae,1679569608511978,-0.4800404,2.6360502,0.31671348,58,24
85ab,1679569609312083,0.10902764,2.1810014,0.2106909,46,32
85ae,1679569609512054,-0.27749014,2.6451898,0.29793236,46,34
85ab,1679569610312038,0.13299179,2.1869049,0.21297164,46,42
85ae,1679569610512032,-0.27843142,2.6401131,0.29112339,56,44
85ab,1679569611311327,0.14865053,2.1972184,0.21001743,46,52
85ae,1679569611511584,-0.27248794,2.6409769,0.29673654,55,54
85ab,1679569612312192,0.17007607,2.1985126,0.20474394,45,62
85ae,1679569612512076,-0.33520979,2.6425972,0.30355227,60,64
85ab,1679569613312010,0.18163523,2.1891716,0.19942902,46,72
85ae,1679569613512152,-0.39796719,2.6341541,0.30766106,60,74
85ab,1679569614312143,0.1772975,2.189472,0.19920212,47,82
85ae,1679569614512126,-0.29738814,2.6267779,0.28659666,51,84
85ab,1679569615312052,0.2025146,2.196275,0.20061658,45,92
85ae,1679569615512196,-0.16627425,2.6225009,0.2724815,48,94
85ab,1679569616312212,0.21054718,2.18755,0.19630477,45,102
85ae,1679569616512099,-0.11341218,2.6125162,0.25336134,51,104
85ab,1679569617312176,0.20279221,2.1746845,0.19195512,46,112
85ae,1679569617512135,-0.087886579,2.618813,0.25473639,52,114
85ab,1679569618312192,0.12380304,2.1782475,0.19694713,52,122
85ae,1679569618512063,-0.20252435,2.6214094,0.26957604,60,124
85ab,1679569619312044,0.038259104,2.1837378,0.20333406,54,132
85ae,1679569619512156,-0.18654905,2.6177971,0.26165429,54,134
85ab,1679569620312044,0.068974622,2.1859245,0.2056686,47,142
85ae,1679569620512140,-0.10279587,2.6179512,0.24835138,49,144
85ab,1679569621312226,0.093542434,2.1970322,0.20790549,47,152
85ae,1679569621512720,-0.068545662,2.6142726,0.23820187,51,154
85ab,1679569622312236,0.12604232,2.1928306,0.21207744,45,162
85ae,1679569622511338,-0.13852322,2.6225014,0.25744832,57,164
85ab,1679569623312100,0.0335561,2.1892669,0.230697,54,172
85ae,1679569623512146,-0.25496739,2.6257644,0.27701277,61,174
85ab,1679569624312242,0.079163827,2.1734395,0.22173651,45,182
85ae,1679569624512192,-0.32750747,2.6310909,0.29649675,60,184
85ab,1679569625312216,0.0055601858,2.1804686,0.22349185,53,192
85ae,1679569625512088,-0.37104288,2.6300972,0.30546051,59,194
85ab,1679569626312240,0.034279533,2.1828139,0.22183646,47,202
85ae,1679569626512293,-0.37639329,2.6304226,0.29887331,58,204
85ab,1679569627312308,0.064153574,2.1826038,0.2106169,47,212
85ae,1679569627512226,-0.3809025,2.630429,0.29854226,58,214
85ab,1679569628311455,0.057681903,2.1783807,0.21340415,49,222
85ae,1679569628511269,-0.35177219,2.6335855,0.2947644,56,224
85ab,1679569629312224,0.071770646,2.1923265,0.20793398,48,232
85ae,1679569629512176,-0.36670622,2.6291463,0.29323578,58,234
85ab,1679569630312115,0.080073543,2.1836431,0.20759894,48,242
85ae,1679569630512228,-0.36815161,2.6293256,0.3040491,57,244
85ab,1679569631312230,0.061539907,2.1876934,0.21773483,49,252
85ae,1679569631512128,-0.35746446,2.6345906,0.29227498,57,254
85ab,1679569632312270,0.06950096,2.193346,0.22699615,48,262
85ae,1679569632512703,-0.35740712,2.624006,0.28506455,57,264
85ab,1679569633312151,0.094127677,2.1934547,0.21637741,47,272
85ae,1679569633512246,-0.36225575,2.6225379,0.28773186,57,274
85ab,1679569634312234,0.096245512,2.1906004,0.21963122,48,282
85ae,1679569634512137,-0.31615683,2.6151443,0.27112928,54,284
85ab,1679569635312176,0.096809477,2.1858156,0.21313755,48,292
85ae,1679569635512133,-0.26363027,2.622026,0.26378205,53,294
85ab,1679569636312151,0.003548133,2.1943257,0.22277345,54,302
85ae,1679569636512194,-0.21000561,2.6218555,0.25629455,52,304
85ab,1679569637312212,-0.0066713383,2.1888297,0.22520998,50,312
85ae,1679569637512675,-0.15135476,2.6342609,0.25008088,51,314
85ab,1679569638311338,0.013242554,2.1904633,0.21465717,48,322
85ae,1679569638511358,-0.048102345,2.6395538,0.253289,47,324
85ab,1679569639312251,0.011856803,2.1783149,0.20862859,49,332
85ae,1679569639512134,0.020054234,2.6332042,0.24998355,48,334
85ab,1679569640312385,0.024590842,2.1745048,0.19966312,49,342
85ae,1679569640512258,0.07419204,2.6341112,0.23539796,48,344
85ab,1679569641312236,-0.049637973,2.1849115,0.21620505,54,352
85ae,1679569641512161,0.11508386,2.6316392,0.23713927,47,354
85ab,1679569642312237,0.035244964,2.1893654,0.19959332,45,362
85ae,1679569642512254,0.13356502,2.6314056,0.23381595,48,364
85ab,1679569643312209,0.093396157,2.1761889,0.19693737,44,372
85ae,1679569643512352,0.15299335,2.6299691,0.23939228,48,374
85ab,1679569644312170,0.154469,2.1690798,0.19145352,43,382
85ae,1679569644512153,0.17266659,2.6334534,0.23509102,48,384
85ab,1679569645312206,0.13577791,2.1769385,0.18299867,49,392
85ae,1679569645512231,0.18404315,2.6357973,0.23012638,48,394
85ab,1679569646312185,0.13084605,2.1892035,0.19036141,48,402
85ae,1679569646512170,0.16263397,2.6359169,0.21636105,50,404
85ab,1679569647312202,0.13676789,2.2025704,0.20024861,47,412
85ae,1679569647512136,0.20705187,2.645746,0.21402285,46,414
85ab,1679569648312768,0.1412542,2.2114315,0.20087598,47,422
85ae,1679569648512257,0.22400409,2.642741,0.2200678,47,424
85ab,1679569649311482,0.15367991,2.2075284,0.19822589,46,432
85ae,1679569649511452,0.209099,2.6461585,0.22200477,49,434
85ab,1679569650312235,0.15452316,2.1962132,0.19418573,47,442
85ae,1679569650512174,0.23558143,2.6303487,0.22013831,46,444
85ab,1679569651312254,0.17879254,2.194761,0.18662433,45,452
85ae,1679569651512242,0.20870593,2.6273122,0.22963586,49,454
85ab,1679569652312157,0.17723598,2.1922648,0.18743585,47,462
85ae,1679569652512252,0.18072115,2.6277332,0.2267046,50,464
85ab,1679569653312836,0.1882723,2.1843414,0.182273,46,472
85ae,1679569653512818,0.18477613,2.6291795,0.22501242,48,474
85ab,1679569654312321,0.18824115,2.1860192,0.18391195,46,482
85ae,1679569654512290,0.1952851,2.6184082,0.21833798,48,484
85ab,1679569655311463,0.17123996,2.1748612,0.19375207,47,492
85ae,1679569655512211,0.20717768,2.630053,0.22999622,47,494
85ab,1679569656312352,0.15289037,2.1792214,0.20740013,48,502
85ae,1679569656512329,0.22351946,2.6352112,0.24031508,47,504
85ab,1679569657312235,0.17434517,2.1825161,0.193846,46,512
85ae,1679569657512295,0.24354357,2.6435728,0.23963644,47,514
85ab,1679569658312846,0.14644487,2.1816258,0.20416944,48,522
85ae,1679569658512176,0.24616374,2.6401436,0.24459256,47,524
85ab,1679569659312228,0.14969683,2.1849649,0.20096597,47,532
85ae,1679569659512322,0.23852487,2.6238294,0.22469759,48,534
85ab,1679569660311501,0.1360213,2.1854081,0.19754167,48,542
85ae,1679569660511526,0.2462218,2.6249352,0.22383112,47,544
85ab,1679569661312270,0.13597783,2.1734719,0.2076831,47,552
85ae,1679569661512342,0.2372885,2.6273532,0.22457291,48,554
85ab,1679569662313916,0.13168599,2.1842408,0.20608428,48,562
85ae,1679569662512250,0.2453499,2.6208165,0.22113091,47,564
85ab,1679569663312882,0.11849117,2.1867349,0.2028904,48,572
85ae,1679569663512434,0.25987116,2.6359167,0.22485998,47,574
85ab,1679569664312395,0.10857388,2.1867683,0.2121083,48,582
85ae,1679569664512406,0.26153767,2.6409471,0.22831959,47,584
85ab,1679569665312418,0.086364433,2.1788793,0.21446717,49,592
85ae,1679569665512410,0.24340539,2.6428728,0.23101676,48,594
85ab,1679569666311519,0.10487363,2.1870375,0.20445769,47,602
85ae,1679569666512613,0.24384837,2.6478753,0.2343981,47,604
85ab,1679569667312349,0.11163182,2.1950979,0.20257953,47,612
85ae,1679569667512385,0.2509079,2.6432049,0.23284507,47,614
85ab,1679569668312384,0.11365562,2.2038825,0.20352502,48,622
85ae,1679569668512773,0.23959263,2.6383448,0.2352016,48,624
85ab,1679569669312250,0.12894943,2.1904192,0.20728557,46,632
85ae,1679569669512448,0.24910314,2.6383209,0.23846284,47,634
85ab,1679569670312405,0.10479155,2.2074656,0.21164055,49,642
85ae,1679569670512464,0.24219202,2.6252453,0.2284212,48,644
85ab,1679569671311606,0.17107174,2.2511582,0.094800413,69,652
85ae,1679569671511533,0.25307593,2.6006162,0.21192296,47,654
85ab,1679569672312444,0.33446905,2.0974662,0.053950865,34,662
85ae,1679569672512474,0.24598441,2.5624518,0.16811444,48,664
85ab,1679569673312409,0.29836518,2.1076066,0.080118448,46,672
85ae,1679569673512954,0.25941214,2.4872189,0.11396379,46,674
85ab,1679569674312451,0.24808753,2.1116869,0.10752233,48,682
85ae,1679569674512425,0.25794294,2.5325894,0.1525211,47,684
85ab,1679569675312513,0.20833817,2.1365125,0.12890047,48,692
85ae,1679569675512443,0.25283495,2.5613246,0.17687078,47,694
85ab,1679569676312404,0.19050828,2.1559901,0.13484931,48,702
85ae,1679569676512395,0.26366082,2.5731981,0.18701293,46,704
85ab,1679569677312489,0.17779568,2.1686344,0.14663887,47,712
85ae,1679569677512380,0.26496932,2.5914645,0.19323194,47,714
85ab,1679569678312414,0.19573735,2.1711805,0.14468029,45,722
85ae,1679569678512870,0.25402957,2.5941703,0.1948186,48,724
85ab,1679569679312350,0.18267985,2.1789887,0.15349522,47,732
85ae,1679569679512388,0.26046261,2.5959473,0.19275768,47,734
85ab,1679569680312414,0.19016972,2.1789598,0.15409969,46,742
85ae,1679569680512379,0.25058961,2.6070008,0.19934146,48,744
85ab,1679569681312424,0.17386037,2.1801324,0.16564983,47,752
85ae,1679569681512458,0.25677338,2.616251,0.21743512,47,754
85ab,1679569682312454,0.14312308,2.1841722,0.16762233,49,762
85ae,1679569682512412,0.24124153,2.6300428,0.23084219,48,764
85ab,1679569683312438,0.1591112,2.1923614,0.17585221,46,772
85ae,1679569683512399,0.24484305,2.6378555,0.23083372,47,774
85ab,1679569684312918,0.16900401,2.1960728,0.18150385,46,782
85ae,1679569684512440,0.25761521,2.6400404,0.23239736,47,784
85ab,1679569685312424,0.15525287,2.1844604,0.17779328,48,792
85ae,1679569685512401,0.25365168,2.6397154,0.21954441,48,794
85ab,1679569686312447,0.15392025,2.1824563,0.17984027,47,802
85ae,1679569686512470,0.2420983,2.6404555,0.2184663,48,804
85ab,1679569687312454,0.14721252,2.1807444,0.17941973,47,812
85ae,1679569687512462,0.23623739,2.6256924,0.21096425,48,814
85ab,1679569688311610,0.12012471,2.1746373,0.17840734,49,822
85ae,1679569688511588,0.25303677,2.6217065,0.20213184,47,824
85ab,1679569689312934,0.11440717,2.1755064,0.19053242,48,832
85ae,1679569689512438,0.26238057,2.622968,0.20357653,47,834
85ab,1679569690312467,0.11131137,2.1726136,0.1942499,48,842
85ae,1679569690512470,0.25534815,2.6198726,0.19970407,48,844
85ab,1679569691312464,0.096782207,2.1695981,0.19428551,49,852
85ae,1679569691512425,0.24879235,2.6260934,0.20704858,48,854
85ab,1679569692312502,0.12995437,2.170207,0.18512951,46,862
85ae,1679569692512458,0.247249,2.6319239,0.21507762,47,864
85ab,1679569693311620,0.12640409,2.1829484,0.18750097,48,872
85ae,1679569693512476,0.25409728,2.6310253,0.21664171,47,874
85ab,1679569694312929,0.14199503,2.1927426,0.18013979,47,882
85ae,1679569694512437,0.25517911,2.6476009,0.229562,47,884
85ab,1679569695312467,0.13286743,2.2019243,0.1873515,48,892
85ae,1679569695512436,0.263347,2.6408017,0.2243402,47,894
85ab,1679569696312476,0.13690586,2.1950538,0.19204731,47,902
85ae,1679569696512488,0.25752607,2.6350839,0.22291225,47,904
85ab,1679569697312482,0.11418623,2.1825743,0.19438058,49,912
85ae,1679569697512449,0.24323179,2.588748,0.18557246,48,914
85ab,1679569698312491,0.099489592,2.1816194,0.20029269,48,922
85ae,1679569698512424,0.21971571,2.5792251,0.17871571,49,924
85ab,1679569699312964,0.11496682,2.180074,0.20362608,47,932
85ae,1679569699512489,0.22416453,2.5989814,0.19882491,47,934
85ab,1679569700312474,0.097432956,2.1748273,0.19977887,49,942
85ae,1679569700512444,0.20225614,2.6009822,0.20328307,49,944
85ab,1679569701312505,0.11598057,2.1782038,0.20250516,46,952
85ae,1679569701512470,0.20565483,2.6076088,0.20764133,48,954
85ab,1679569702312494,0.14556058,2.1817753,0.2030506,45,962
85ae,1679569702512524,0.20277317,2.6174467,0.21203989,48,964
85ab,1679569703313128,0.14427218,2.1911323,0.19724071,47,972
85ae,1679569703512536,0.18764204,2.6091146,0.21128131,49,974
85ab,1679569704311684,0.13550422,2.2222986,0.22236893,69,982
85ae,1679569704513019,0.2113131,2.6186705,0.21322653,47,984
85ab,1679569705312506,0.133956,2.217114,0.2142154,47,992
85ae,1679569705512546,0.18535069,2.6238704,0.21475562,50,994
85ab,1679569706312550,0.12566921,2.2054944,0.22033335,47,1002
85ae,1679569706512510,0.20303495,2.6323128,0.22416918,47,1004
85ab,1679569707312522,0.12822537,2.1922796,0.21004266,47,1012
85ae,1679569707512486,0.21821697,2.6353259,0.22376508,47,1014
85ab,1679569708312523,0.12329943,2.1836681,0.21345729,47,1022
85ae,1679569708512564,0.2204954,2.6221473,0.22276677,47,1024
85ab,1679569709311700,0.12282982,2.1718102,0.2117539,47,1032
85ae,1679569709511662,0.23344931,2.6162491,0.22075491,47,1034
85ab,1679569710313040,0.13852242,2.1715035,0.20968126,46,1042
85ae,1679569710512499,0.25374123,2.613323,0.21758991,46,1044
85ab,1679569711312537,0.15827262,2.1591635,0.20528713,45,1052
85ae,1679569711512556,0.25026339,2.6221159,0.22124624,48,1054
85ab,1679569712312539,0.13379619,2.1663558,0.21580289,48,1062
85ae,1679569712512487,0.2396808,2.61915,0.21905133,48,1064
85ab,1679569713312549,0.11364581,2.1581123,0.20583387,49,1072
85ae,1679569713512509,0.2149339,2.6177132,0.21821615,49,1074
85ab,1679569714312574,0.11164165,2.1755471,0.20684631,60,1082
85ae,1679569714512576,0.21458858,2.6090884,0.21419868,48,1084
85ab,1679569715311722,0.11235482,2.1862888,0.20486127,48,1092
85ae,1679569715513062,0.2034512,2.6231613,0.22258379,49,1094
85ab,1679569716312566,0.10753036,2.1820369,0.20557658,48,1102
85ae,1679569716512537,0.21126738,2.6245358,0.22386107,48,1104
85ab,1679569717312566,0.079117678,2.179353,0.20571578,50,1112
85ae,1679569717512591,0.20640731,2.6227121,0.22254151,48,1114
85ab,1679569718312568,0.088003024,2.1757555,0.19433798,48,1122
85ae,1679569718512550,0.22074623,2.6245284,0.21950306,47,1124
85ab,1679569719312584,0.090550832,2.1775737,0.20501821,48,1132
85ae,1679569719512535,0.21005632,2.6300786,0.22097105,49,1134
85ab,1679569720311756,0.082555354,2.1800911,0.20696761,48,1142
85ae,1679569720511701,0.21476585,2.6306055,0.21726775,48,1144
85ab,1679569721313130,0.089573182,2.1884227,0.20258707,48,1152
85ae,1679569721512558,0.22573523,2.6308789,0.21897449,47,1154
85ab,1679569722312532,0.088829242,2.1827369,0.1984953,48,1162
85ae,1679569722512564,0.22116096,2.6383107,0.22185785,48,1164
85ab,1679569723312596,0.10561148,2.194396,0.1985373,47,1172
85ae,1679569723512566,0.20774092,2.6372311,0.22317627,49,1174
85ab,1679569724312596,0.07680425,2.1780574,0.20181456,49,1182
85ae,1679569724512596,0.20312436,2.6324522,0.22375597,48,1184
85ab,1679569725312565,0.0890081,2.1752234,0.20156008,47,1192
85ae,1679569725512604,0.22820202,2.6340079,0.21775356,47,1194
85ab,1679569726311778,0.10745826,2.1724446,0.1980236,47,1202
85ae,1679569726512544,0.2497578,2.6297991,0.21491739,46,1204
85ab,1679569727312558,0.11986759,2.1726193,0.19837482,47,1212
85ae,1679569727512594,0.24465945,2.6267939,0.21582632,48,1214
85ab,1679569728312554,0.12479654,2.1715841,0.19412108,47,1222
85ae,1679569728512596,0.24136002,2.6315277,0.21472821,48,1224
85ab,1679569729312606,0.1341249,2.176137,0.18678346,47,1232
85ae,1679569729512565,0.23772302,2.6310077,0.21968521,48,1234
85ab,1679569730312614,0.13036573,2.1819534,0.17770728,48,1242
85ae,1679569730512617,0.21861741,2.634896,0.21503064,49,1244
85ab,1679569731311839,0.12870064,2.1921287,0.18346003,48,1252
85ae,1679569731511810,0.22746912,2.6397719,0.23142789,47,1254
85ab,1679569732312616,0.1170586,2.1842091,0.16873263,49,1262
85ae,1679569732512609,0.226544,2.6401012,0.2300723,48,1264
85ab,1679569733312592,0.11345144,2.1748867,0.17816646,48,1272
85ae,1679569733512615,0.23846559,2.6398625,0.22403172,47,1274
85ab,1679569734312527,0.1219254,2.1708159,0.18717422,47,1282
85ae,1679569734512515,0.24362631,2.638721,0.23096904,47,1284
85ab,1679569735312658,0.12383595,2.1744754,0.18551897,47,1292
85ae,1679569735512634,0.2459905,2.6319828,0.22200859,47,1294
85ab,1679569736312593,0.10654593,2.186795,0.19111805,49,1302
85ae,1679569736512648,0.24498333,2.6359155,0.21670172,48,1304
85ab,1679569737311736,0.11348929,2.1888294,0.18686612,47,1312
85ae,1679569737512556,0.24567215,2.6397645,0.21963562,47,1314
85ab,1679569738312661,0.12041276,2.191812,0.19681045,47,1322
85ae,1679569738512620,0.25036362,2.6314723,0.22160268,47,1324
85ab,1679569739314224,0.10897525,2.1898439,0.19123362,48,1332
85ae,1679569739512626,0.24692407,2.634614,0.21562685,48,1334
85ab,1679569740312609,0.092340492,2.1863465,0.19483753,49,1342
85ae,1679569740512572,0.24515052,2.6281793,0.21142921,48,1344
85ab,1679569741312666,0.095823839,2.1896911,0.1965362,48,1352
85ae,1679569741512588,0.24133074,2.6210861,0.21556355,47,1354
85ab,1679569742312581,0.12591909,2.1804698,0.1877816,46,1362
85ae,1679569742512162,0.23840152,2.6180112,0.2174861,48,1364
85ab,1679569743312707,0.12082019,2.1730487,0.20214202,47,1372
85ae,1679569743512651,0.22311836,2.6166618,0.20750087,49,1374
85ab,1679569744311807,0.13428256,2.1732171,0.20557307,46,1382
85ae,1679569744511858,0.2285777,2.6224003,0.20871413,48,1384
85ab,1679569745312714,0.12300783,2.1802709,0.21757165,48,1392
85ae,1679569745512568,0.23609413,2.6211219,0.20952597,47,1394
85ab,1679569746312763,0.12410246,2.1837754,0.22024615,47,1402
85ae,1679569746512707,0.24706277,2.6283288,0.2170843,47,1404
85ab,1679569747312708,0.12884979,2.1725967,0.2111066,47,1412
85ae,1679569747513299,0.24856785,2.634989,0.22070436,47,1414
85ab,1679569748311918,0.09359955,2.1647973,0.20202917,50,1422
85ae,1679569748511884,0.23840913,2.635108,0.22395636,48,1424
85ab,1679569749312692,0.11385931,2.1678405,0.19335355,47,1432
85ae,1679569749512770,0.21919556,2.6411011,0.22396888,49,1434
85ab,1679569750312778,0.10169448,2.1711631,0.18984291,49,2
85ae,1679569750512736,0.22761428,2.6387343,0.21785109,47,4
85ab,1679569751312843,0.081048474,2.1693962,0.19645846,49,12
85ae,1679569751512830,0.24001083,2.6413078,0.22158201,47,14
85ab,1679569752312886,0.10617594,2.1699221,0.18700434,47,22
85ae,1679569752513358,0.24392001,2.6355133,0.21476728,47,24
85ab,1679569753312884,0.12771441,2.1716671,0.18646339,46,32
85ae,1679569753512925,0.24359475,2.638989,0.22086665,47,34
85ab,1679569754312901,0.12860022,2.1760976,0.18560223,47,42
85ae,1679569754512882,0.2427725,2.6260481,0.21696445,47,44
85ab,1679569755312929,0.10467158,2.16865,0.19139309,49,52
85ae,1679569755512902,0.21551469,2.626687,0.22143745,49,54
85ab,1679569756312933,0.11481582,2.1586134,0.19125277,47,62
85ae,1679569756512978,0.23212358,2.6264527,0.21018158,47,64
85ab,1679569757312970,0.12120002,2.163471,0.19141082,47,72
85ae,1679569757513464,0.21525519,2.6343791,0.21805245,49,74
85ab,1679569758312142,0.12011271,2.17312,0.19311285,48,82
85ae,1679569758512122,0.21604371,2.6342406,0.21851438,48,84
85ab,1679569759313008,0.1222745,2.1891246,0.19149067,48,92
85ae,1679569759513057,0.208646,2.6407344,0.22770818,48,94
85ab,1679569760313026,0.1307755,2.1795988,0.19572183,47,102
85ae,1679569760513043,0.21044724,2.6356215,0.22444399,48,104
85ab,1679569761313070,0.14017354,2.175252,0.18360698,47,112
85ae,1679569761513035,0.21135895,2.6324713,0.23333326,48,114
85ab,1679569762313125,0.1214112,2.1729627,0.19278081,48,122
85ae,1679569762513650,0.21184304,2.6386106,0.2380244,48,124
85ab,1679569763313108,0.11708783,2.1717973,0.18131979,48,132
85ae,1679569763513161,0.18862824,2.6334372,0.22269024,50,134
85ab,1679569764312524,0.13490915,2.1775239,0.1796364,46,142
85ae,1679569764513133,0.19345443,2.6357377,0.22697362,48,144
85ab,1679569765313188,0.12285189,2.1900382,0.18738595,48,152
85ae,1679569765513277,0.19414617,2.6401472,0.22020072,49,154
85ab,1679569766313218,0.0952606,2.1773334,0.18479618,49,162
85ae,1679569766513190,0.16590589,2.63863,0.22400102,50,164
85ab,1679569767313368,0.11200347,2.1709428,0.17515968,47,172
85ae,1679569767513674,0.15497497,2.6352975,0.21975926,50,174
85ab,1679569768313186,0.12486743,2.1878309,0.18396792,47,182
85ae,1679569768513566,0.1767741,2.6370449,0.21693841,48,184
85ab,1679569769312401,0.13081098,2.1859114,0.18525155,47,192
85ae,1679569769512318,0.18074626,2.6307681,0.22543126,48,194
85ab,1679569770313130,0.13081995,2.1893995,0.19363172,47,202
85ae,1679569770513156,0.19022335,2.6301835,0.22597863,48,204
85ab,1679569771313175,0.10304898,2.1818185,0.2012773,49,212
85ae,1679569771513389,0.20680876,2.6280894,0.23109558,47,214
85ab,1679569772313216,0.082379438,2.177773,0.21100122,49,222
85ae,1679569772513200,0.20708983,2.6326227,0.23404321,48,224
85ab,1679569773313206,0.10417395,2.1714931,0.1986863,47,232
85ae,1679569773513213,0.22189927,2.6272283,0.22264984,47,234
85ab,1679569774313267,0.087544225,2.1732316,0.20382015,49,242
85ae,1679569774514422,0.23976848,2.6214814,0.21885523,47,244
85ab,1679569775312459,-0.028527813,2.1646976,0.21646209,56,252
85ae,1679569775513205,0.23716746,2.6303077,0.22707592,48,254
85ab,1679569776313266,0.012592482,2.1593134,0.21769159,47,262
85ae,1679569776513295,0.20474206,2.6249588,0.22175303,50,264
85ab,1679569777313289,0.011843253,2.1579635,0.22148114,49,272
85ae,1679569777513230,0.19302891,2.6173072,0.22708344,49,274
85ab,1679569778313368,0.0052916803,2.150434,0.2217636,50,282
85ae,1679569778513288,0.20472914,2.6151993,0.22002167,48,284
85ab,1679569779313376,-0.0090948865,2.1494915,0.22608,50,292
85ae,1679569779513272,0.20891152,2.6178432,0.22288905,48,294
85ab,1679569780312603,-0.0021977292,2.1534348,0.22099382,49,302
85ae,1679569780512587,0.17582643,2.6109459,0.21502401,50,304
85ab,1679569781313404,-0.0013798185,2.1617546,0.21551436,50,312
85ae,1679569781513426,0.14404836,2.6133733,0.22116923,51,314
85ab,1679569782313422,0.0092814378,2.1600678,0.20379576,49,322
85ae,1679569782513486,0.13121255,2.6166773,0.2273576,50,324
85ab,1679569783313516,0.018947976,2.1760716,0.20303652,49,332
85ae,1679569783513442,0.1355685,2.6198111,0.22301058,49,334
85ab,1679569784313547,0.0031973009,2.1737778,0.2038926,50,342
85ae,1679569784513516,0.1662825,2.6169145,0.21530624,47,344
85ab,1679569785313569,-0.11295979,2.1688375,0.20344321,58,352
85ae,1679569785513589,0.17254075,2.6196969,0.21227042,48,354
85ab,1679569786312732,-0.046937246,2.1907363,0.21120626,47,362
85ae,1679569786514014,0.20329152,2.6228337,0.20928846,47,364
85ab,1679569787313572,0.005153086,2.1827765,0.21388339,46,372
85ae,1679569787513579,0.22910817,2.6306026,0.21784888,46,374
85ab,1679569788313644,0.045321837,2.1834538,0.19904004,47,382
85ae,1679569788514110,0.24833317,2.6413846,0.21924761,47,384
85ab,1679569789313507,-0.044028647,2.178731,0.21560818,55,392
85ae,1679569789513479,0.22535564,2.6444359,0.22238792,49,394
85ab,1679569790313838,-0.012720925,2.177557,0.21793099,48,402
85ae,1679569790513663,0.22682826,2.6389031,0.21167675,48,404
85ab,1679569791312868,0.03119259,2.1763504,0.20917399,47,412
85ae,1679569791512857,0.2246644,2.644367,0.21638487,48,414
85ab,1679569792313820,0.045740582,2.1801548,0.2106888,48,422
85ae,1679569792513788,0.23257861,2.644552,0.22578931,47,424
85ab,1679569793313825,0.080495223,2.1770449,0.20131306,46,432
85ae,1679569793514323,0.25701761,2.6485457,0.23023315,46,434
85ab,1679569794313806,0.098429613,2.1773298,0.19451982,47,442
85ae,1679569794513830,0.24953006,2.6406286,0.23172645,48,444
85ab,1679569795313926,0.10549638,2.1765614,0.19314946,47,452
85ae,1679569795513833,0.23043306,2.6430182,0.23708121,49,454
85ab,1679569796313957,0.10528247,2.1632192,0.17516786,48,462
85ae,1679569796513932,0.2168182,2.644923,0.24272433,48,464
85ab,1679569797313876,0.13109267,2.1631789,0.15922275,46,472
85ae,1679569797513913,0.21727732,2.6344857,0.23365271,48,474
85ab,1679569798313958,0.060608186,2.155633,0.16680399,52,482
85ae,1679569798514480,0.22837171,2.6353695,0.23722669,47,484
85ab,1679569799313948,0.04034904,2.1537905,0.18153548,50,492
85ae,1679569799513972,0.21344076,2.6251535,0.23864461,48,494
85ab,1679569800313988,0.076317385,2.1563923,0.17427625,46,502
85ae,1679569800513924,0.21417122,2.6176319,0.23348886,48,504
85ab,1679569801313984,0.0635186,2.1609368,0.18935673,49,512
85ae,1679569801513989,0.20724162,2.6238072,0.23509976,48,514
85ab,1679569802314079,0.075717807,2.1772673,0.19738731,48,522
85ae,1679569802513070,0.21875744,2.6320364,0.23768175,47,524
85ab,1679569803314034,0.076547116,2.1800835,0.18578094,49,532
85ae,1679569803514521,0.21995187,2.6320548,0.22979498,48,534
85ab,1679569804314105,0.091669247,2.1820173,0.19681649,47,542
85ae,1679569804514156,0.24882902,2.6413193,0.23202519,46,544
85ab,1679569805314070,0.11649326,2.1881554,0.20179875,46,552
85ae,1679569805514166,0.22723748,2.6255465,0.21602838,49,554
85ab,1679569806314102,0.1139427,2.1928406,0.19478793,48,562
85ae,1679569806514070,0.21972769,2.628885,0.22122167,48,564
85ab,1679569807314174,0.087695755,2.1853256,0.20299318,49,572
85ae,1679569807514109,0.21741793,2.6330073,0.22490536,48,574
85ab,1679569808314149,0.098413415,2.1911309,0.18846685,48,582
85ae,1679569808514550,0.21095516,2.6376023,0.22748584,48,584
85ab,1679569809314171,0.074181035,2.1787417,0.20902918,49,592
85ae,1679569809514156,0.22138305,2.6437593,0.22388712,48,594
85ab,1679569810314176,0.084714942,2.1769664,0.21389884,47,602
85ae,1679569810514156,0.21936111,2.6443942,0.228636,48,604
85ab,1679569811314184,0.082959883,2.1798325,0.21743198,48,612
85ae,1679569811514171,0.23323601,2.6354241,0.22571203,47,614
85ab,1679569812314260,0.077778116,2.1769123,0.20429757,49,622
85ae,1679569812514318,0.21885061,2.6344211,0.22700515,49,624
85ab,1679569813314242,0.078934617,2.1669295,0.20873845,48,632
85ae,1679569813514697,0.23088408,2.6299493,0.22768953,47,634
85ab,1679569814314271,0.084996738,2.1559174,0.20656994,47,642
85ae,1679569814514216,0.23312052,2.6345854,0.22882096,48,644
85ab,1679569815314261,0.10793062,2.1753297,0.1922162,47,652
85ae,1679569815514326,0.23358071,2.6308587,0.22971174,47,654
85ab,1679569816315853,0.13336188,2.1839757,0.18844961,46,662
85ae,1679569816514267,0.21974804,2.633476,0.23055677,49,664
85ab,1679569817314330,0.11962261,2.183033,0.19740285,48,672
85ae,1679569817514281,0.23203474,2.6339741,0.22361137,47,674
85ab,1679569818314365,0.11238433,2.1787236,0.21859892,47,682
85ae,1679569818514738,0.23729682,2.6329367,0.22026607,47,684
85ab,1679569819314356,0.1104946,2.1696446,0.21099892,48,692
85ae,1679569819514352,0.2539238,2.6440806,0.22962004,47,694
85ab,1679569820314367,0.11777478,2.1701112,0.20225352,47,702
85ae,1679569820514348,0.264376,2.6397676,0.22422716,47,704
85ab,1679569821314396,0.10501006,2.1718256,0.20053999,48,712
85ae,1679569821514430,0.24630608,2.6425428,0.23304598,48,714
85ab,1679569822314446,0.09280178,2.1635387,0.19665049,48,722
85ae,1679569822514420,0.25402966,2.6387732,0.22840771,47,724
85ab,1679569823314680,0.10208479,2.1853993,0.19101968,48,732
85ae,1679569823515101,0.22648057,2.6277063,0.23203039,49,734
85ab,1679569824313542,0.067348488,2.1865559,0.19443054,50,742
85ae,1679569824514450,0.23388238,2.6351898,0.23712526,47,744
85ab,1679569825314458,0.064860858,2.1713219,0.19751672,48,752
85ae,1679569825514410,0.19840132,2.630362,0.22474408,50,754
85ab,1679569826314458,0.068445638,2.1847045,0.19758794,48,762
85ae,1679569826514468,0.20602462,2.639787,0.22773077,48,764
85ab,1679569827314532,0.078248225,2.18277,0.2031313,47,772
85ae,1679569827514508,0.21116012,2.6448193,0.23286386,48,774
85ab,1679569828314516,0.097347118,2.1989753,0.20790577,47,782
85ae,1679569828514458,0.21233283,2.6422853,0.23134764,48,784
85ab,1679569829313599,0.084366709,2.1954641,0.21030267,49,792
85ae,1679569829513569,0.21665308,2.6357141,0.23083916,48,794
85ab,1679569830314451,0.096649721,2.1841164,0.20352478,47,802
85ae,1679569830514482,0.19641513,2.6369596,0.23776379,49,804
85ab,1679569831314515,0.099771835,2.1815767,0.20892978,47,812
85ae,1679569831514416,0.17339098,2.6386709,0.24183759,50,814
85ab,1679569832314540,0.10185675,2.1738653,0.19578283,48,822
85ae,1679569832514504,0.19731787,2.646378,0.2424061,47,824
85ab,1679569833314497,0.10235781,2.1773469,0.1955099,48,832
85ae,1679569833515096,0.19678849,2.6312277,0.23750494,48,834
85ab,1679569834314707,0.098831855,2.1814561,0.19096445,48,842
85ae,1679569834514474,0.22354256,2.6294808,0.23116118,47,844
85ab,1679569835313786,0.084439859,2.17883,0.20095554,49,852
85ae,1679569835514656,0.22900887,2.6284139,0.22955768,47,854
85ab,1679569836314569,0.078730047,2.1777518,0.20493165,48,862
85ae,1679569836514540,0.25955388,2.6365407,0.22711822,46,864
85ab,1679569837314551,0.071748205,2.1708748,0.20199467,49,872
85ae,1679569837514613,0.26465759,2.6381006,0.22874781,47,874
85ab,1679569838314575,0.092438459,2.166549,0.2025837,47,882
85ae,1679569838514548,0.2572335,2.6262696,0.22361504,47,884
85ab,1679569839314625,0.12776896,2.1705575,0.1959255,45,892
85ae,1679569839514840,0.19056137,2.6284184,0.2274375,52,894
85ab,1679569840314740,0.094012111,2.1761189,0.18365073,50,902
85ae,1679569840514967,0.20032449,2.6262143,0.22866574,48,904
85ab,1679569841314674,0.12084417,2.1806674,0.18368809,46,912
85ae,1679569841514562,0.19360016,2.624588,0.23136725,48,914
85ab,1679569842314778,0.13563159,2.1886361,0.18317811,47,922
85ae,1679569842514770,0.16604124,2.6224759,0.24093314,50,924
85ab,1679569843314818,0.11740969,2.1765633,0.18949048,48,932
85ae,1679569843515240,0.11666074,2.6196961,0.23872626,59,934
85ab,1679569844314662,0.10301297,2.1699326,0.1817248,49,942
85ae,1679569844514590,0.13397911,2.6217639,0.22984597,49,944
85ab,1679569845314756,0.082639433,2.1699789,0.17710637,49,952
85ae,1679569845514718,0.1584059,2.624603,0.2256493,48,954
85ab,1679569846313971,0.066161387,2.1649709,0.18593973,49,962
85ae,1679569846514692,0.16464685,2.6319458,0.22709562,49,964
85ab,1679569847314776,0.063419826,2.1724484,0.19003892,49,972
85ae,1679569847514785,0.18600851,2.6397243,0.22531296,48,974
85ab,1679569848314738,0.076633938,2.1802311,0.17632507,48,982
85ae,1679569848514830,0.20022023,2.6281884,0.22008987,47,984
85ab,1679569849314893,0.057341412,2.1723647,0.19262677,49,992
85ae,1679569849514727,0.21418712,2.6256812,0.21977007,47,994
85ab,1679569850314758,0.082661577,2.1776013,0.19960468,47,1002
85ae,1679569850514771,0.21332607,2.6247668,0.22193752,48,1004
85ab,1679569851314010,0.057321474,2.16245,0.19652086,50,1012
85ae,1679569851513982,0.21529712,2.6263661,0.22239439,48,1014
85ab,1679569852314922,0.061949331,2.1696529,0.19707169,48,1022
85ae,1679569852514820,0.21058616,2.6290615,0.21641153,48,1024
85ab,1679569853314867,0.10664445,2.1639857,0.20389791,59,1032
85ae,1679569853514830,0.16140749,2.6173952,0.22403948,59,1034
85ab,1679569854315553,0.14432175,2.1707475,0.18122442,59,1042
85ae,1679569854515006,0.10549463,2.6187029,0.2307256,59,1044
85ab,1679569855315596,0.16653079,2.1707089,0.17616467,60,1052
85ae,1679569855514910,0.0726096,2.6216118,0.24270168,59,1054
85ab,1679569856314992,0.19072805,2.1753435,0.1827023,59,1062
85ae,1679569856515038,0.0661822,2.6175425,0.24337754,58,1064
85ab,1679569857314111,0.19490589,2.1724584,0.17759664,60,1072
85ae,1679569857514915,0.057696354,2.6272478,0.23802005,58,1074
85ab,1679569858315008,0.20788516,2.162698,0.17281337,60,1082
85ae,1679569858515044,0.038935483,2.6249006,0.23605783,59,1084
85ab,1679569859315607,0.19775559,2.1667659,0.18152666,60,1092
85ae,1679569859514926,0.034223847,2.6241741,0.23470062,59,1094
85ab,1679569860315039,0.20318079,2.1628997,0.18164481,60,1102
85ae,1679569860514964,0.028000798,2.6280811,0.23767167,59,1104
85ab,1679569861315093,0.21166044,2.1605,0.19199532,59,1112
85ae,1679569861515047,0.015227511,2.6390266,0.24907406,59,1114
85ab,1679569862314717,0.19756152,2.175935,0.20074826,60,1122
85ae,1679569862514231,0.036402289,2.6253405,0.23689704,58,1124
85ab,1679569863315054,0.19028211,2.1795852,0.20448805,60,1132
85ae,1679569863515034,0.019696981,2.6332848,0.24389279,59,1134
85ab,1679569864315086,0.21450496,2.1755903,0.19246756,59,1142
85ae,1679569864515066,0.01853212,2.6362844,0.24253543,59,1144
85ab,1679569865315104,0.20080113,2.1691732,0.20555829,60,1152
85ae,1679569865515206,0.0018933347,2.6338186,0.24504927,59,1154
85ab,1679569866315700,0.20739746,2.1707816,0.19244044,60,1162
85ae,1679569866515130,-0.0057482026,2.6333847,0.25077945,59,1164
85ab,1679569867315130,0.19475786,2.170862,0.19495879,60,1172
85ae,1679569867515275,-0.0029876926,2.6293652,0.24965277,59,1174
85ab,1679569868314412,0.16904312,2.1742465,0.2026812,60,1182
85ae,1679569868514326,-0.00097050681,2.6366699,0.24835408,59,1184
85ab,1679569869315691,0.17346458,2.166214,0.20316489,60,1192
85ae,1679569869515286,-0.0059516965,2.6438735,0.2432126,59,1194
85ab,1679569870315107,0.16804895,2.1763787,0.2064262,60,1202
85ae,1679569870515118,0.00920919,2.647511,0.24104939,58,1204
85ab,1679569871315146,0.17068718,2.1834154,0.19682458,60,1212
85ae,1679569871515145,-0.0020334083,2.6431818,0.23827282,59,1214
85ab,1679569872315294,0.1819623,2.1765666,0.18259965,60,1222
85ae,1679569872515340,-0.013524744,2.6455781,0.25062811,59,1224
85ab,1679569873315302,0.15619071,2.1684389,0.18093817,61,1232
85ae,1679569873515329,-0.0049844114,2.6482332,0.2436333,59,1234
85ab,1679569874315811,0.14210556,2.1772089,0.18681817,60,1242
85ae,1679569874515346,-0.008277664,2.6424365,0.24180403,59,1244
85ab,1679569875315328,0.15400963,2.1813104,0.20163299,59,1252
85ae,1679569875515374,-0.0094380667,2.6454957,0.24820662,59,1254
85ab,1679569876315345,0.17686462,2.1876779,0.19484706,59,1262
85ae,1679569876515340,0.00453335,2.6365478,0.23159945,59,1264
85ab,1679569877315927,0.1614687,2.1806822,0.17957813,61,1272
85ae,1679569877515396,0.0080121225,2.6364975,0.23443221,59,1274
85ab,1679569878314542,0.16987814,2.1896098,0.18727721,59,1282
85ae,1679569878514534,-0.012950308,2.6412954,0.23510514,59,1284
85ab,1679569879315894,0.20447998,2.1822128,0.17903231,59,1292
85ae,1679569879515338,-0.0023739026,2.6286044,0.22876787,59,1294
85ab,1679569880315327,0.20391084,2.1888652,0.18550257,59,1302
85ae,1679569880515444,-0.0094464216,2.6224906,0.22807114,59,1304
85ab,1679569881315423,0.24143319,2.1795363,0.17515175,59,1312
85ae,1679569881515472,-0.0016301996,2.6180928,0.22662018,59,1314
85ab,1679569882315447,0.22458176,2.1889992,0.18568286,60,1322
85ae,1679569882515423,0.010801742,2.6180384,0.21860509,59,1324
85ab,1679569883315764,0.24025604,2.1813798,0.18033583,59,1332
85ae,1679569883515405,0.0019175648,2.6208904,0.22565459,59,1334
85ab,1679569884314663,0.20749357,2.1872568,0.18363042,60,1342
85ae,1679569884515968,-0.013411788,2.627825,0.23899494,59,1344
85ab,1679569885315507,0.1888691,2.18337,0.17727356,60,1352
85ae,1679569885515557,-0.0068731904,2.6285884,0.24201006,59,1354
85ab,1679569886315520,0.17765683,2.1796691,0.18895641,60,1362
85ae,1679569886515559,-0.011974498,2.6209142,0.23814994,59,1364
85ab,1679569887315540,0.1665657,2.188689,0.20759818,60,1372
85ae,1679569887515598,-0.013720622,2.6237416,0.23923239,59,1374
85ab,1679569888316124,0.16323659,2.1829426,0.1997329,60,1382
85ae,1679569888515588,-0.021921987,2.6304786,0.23998699,59,1384
85ab,1679569889314728,0.15484601,2.1779149,0.19496907,60,1392
85ae,1679569889514751,-0.020842766,2.6307027,0.23270236,59,1394
85ab,1679569890316082,0.13948293,2.1702819,0.20195849,61,1402
85ae,1679569890515656,-0.0092728669,2.6346433,0.22341748,59,1404
85ab,1679569891315606,0.17293225,2.1669559,0.19083066,59,1412
85ae,1679569891515644,-0.0037689991,2.6337023,0.23032697,59,1414
85ab,1679569892315660,0.12886128,2.1741335,0.19597809,61,1422
85ae,1679569892515663,-0.0048097456,2.6255131,0.23420681,59,1424
85ab,1679569893317234,0.074461728,2.1672821,0.1920063,62,1432
85ae,1679569893515672,0.010199265,2.6207287,0.23862693,58,1434
85ab,1679569894315660,-0.030390481,2.174119,0.20849353,64,2
85ae,1679569894515684,-0.013384213,2.6271892,0.2396204,60,4
85ab,1679569895316179,0.047528591,2.1718776,0.20566215,59,12
85ae,1679569895515652,-0.011827018,2.626471,0.24302806,59,14
85ab,1679569896315682,0.062555566,2.1661453,0.2115,61,22
85ae,1679569896515711,-0.012195082,2.6229761,0.23553059,59,24
85ab,1679569897315692,100,100,100,0,32
85ae,1679569897515668,100,100,100,0,34
85ab,1679569898315704,100,100,100,0,42
85ae,1679569898515652,100,100,100,0,44
85ab,1679569899316245,100,100,100,0,52
85ae,1679569899515650,100,100,100,0,54
85ab,1679569900316229,100,100,100,0,62
85ae,1679569900515686,100,100,100,0,64
85ab,1679569901315702,100,100,100,0,72
85ae,1679569901515670,100,100,100,0,74
85ab,1679569902315730,100,100,100,0,82
85ae,1679569902515741,100,100,100,0,84
85ab,1679569903315766,100,100,100,0,92
85ae,1679569903515752,100,100,100,0,94
85ab,1679569904315780,100,100,100,0,102
85ae,1679569904515790,100,100,100,0,104
85ab,1679569905316306,100,100,100,0,112
85ae,1679569905515817,100,100,100,0,114
85ab,1679569906314984,100,100,100,0,122
85ae,1679569906515260,100,100,100,0,124
85ab,1679569907315841,100,100,100,0,132
85ae,1679569907515843,100,100,100,0,134
85ab,1679569908315825,100,100,100,0,142
85ae,1679569908515825,100,100,100,0,144
85ab,1679569909315837,100,100,100,0,152
85ae,1679569909515838,100,100,100,0,154
85ab,1679569910317994,100,100,100,0,162
85ae,1679569910515874,100,100,100,0,164
85ab,1679569911315627,100,100,100,0,172
85ae,1679569911515050,100,100,100,0,174
85ab,1679569912315933,100,100,100,0,182
85ae,1679569912515867,100,100,100,0,184
85ab,1679569913315910,100,100,100,0,192
85ae,1679569913515924,100,100,100,0,194
85ab,1679569914316011,100,100,100,0,202
85ae,1679569914515947,100,100,100,0,204
85ab,1679569915316449,100,100,100,0,212
85ae,1679569915515935,100,100,100,0,214
85ab,1679569916316026,100,100,100,0,222
85ae,1679569916515979,100,100,100,0,224
85ab,1679569917315147,100,100,100,0,232
85ae,1679569917515990,100,100,100,0,234